Id,Score
diegoguillens,0.41
rober_lora,0.27
oscarleero,0.45
amed_vera,0.46
benito100cia2,0.4
gasheta3,0.42
dariojones95,0.46
niztoltmartinez,0.32
epn,0.39
diegomartineztv,0.35
mugiwuara_,0.36
maxleonhart9,Null
derthebriv,0.29
sparks1752,0.25
daniela30883055,Null
tristan100yami1,Null
pexelochoa,Null
emilyrodrguez16,0.36
rodrigolopezrd,0.35
pollo119967,Null
s100tifika1,0.34
fer100tifika,Null
tiohapoo,Null
juandaviunrex,0.3
killer1875,Null
lu1s1to4,0.38
elcolombiano130,0.25
dilangu42507844,Null
hdzchriis,0.53
policiafedmx,0.49
lordkobura,0.27
katymor60304568,0.6
krwozkar23,0.34
gatomanuel3422,0.54
thrallking1,Null
jndg14,0.37
angelpascualar1,0.33
kevingasheta,0.29
fercho_tal,0.34
dianaca17932828,Null
ximena2001161,0.24
gaby100tifika,0.28
honk_miracles,Null
reynaldo_ska12,Null
bibibiersack74,0.34
santiagosar2003,0.37
lordcamilo16,0.61
diego94zod,0.21
poo_vizuet,Null
ivanalv16,0.29
brandongtrz,0.32
thaliia_viidal,Null
angeluis_al55,0.34
nestor_montiel9,0.31
cattorresu,Null
juliosanchez137,0.46
hellboy6667,Null
crissax17crews,0.34
superemilio2312,0.44
jamesbl97,Null
benitezjose119,0.3
nanfross,0.49
alonsito453,0.39
kotzer100tifiko,0.46
manccon3,0.24
sixsfake,0.36
harrisonrincon6,0.18
veggetoz2,0.43
crystian_tp,0.36
irvingd100tifik,Null
wizard_ale,0.25
allwithmichel,0.28
brendacorenwn,0.44
hecghos,0.35
juanjoseff2407,0.5
trendinaliamx,0.42
teambrocoli9,0.5714594686359393
mercafake,0.25
andresgv98,0.4
jetemymx,0.53
skinuke25,0.28
martinezz7w7,Null
cristhyan_ramos,0.23
weritacortez12,0.21
katastrxph,0.53
adrianlarazepe1,0.36
lizetsan1,0.3
xaviercevallo12,Null
sergii100tifik0,0.32
prrodlmal_v,0.55
charly100cia,0.47
daridaldinas,0.45
adrianduckswag,0.46
saul86xdxdxd,Null
brayan53605109,Null
victorteran121,Null
eltiojirano,0.32
carlosmataits,0.3
dante_grl,0.35
hks100tifika,0.48
gabo100cia2,Null
kelvin20024017,Null
escobedomichell,0.3
yaeloow_yael,0.38
solcazares1,0.31
jonathanvr13_f,0.69
neuromisogino,Null
lopezobrador_,0.51
galileacr1,Null
nelsongps25,0.32
damian100tifik0,0.4
val3nco,0.33
andresarango802,0.2
javiers0310,0.25
emanu3li70,0.51
maubrizuela11,0.3
mr_hater24,0.4
nelrat26,0.14
susy_u_bautista,0.18
jokimo333,Null
benjamin_cct,0.36
sinfollowerx,Null
cristia52986975,0.5
sanpevo,0.37
jesusgz5,Null
joseabr37881942,0.35
_angel_pacheco,Null
gerardo63170873,Null
samashguzman,Null
brozoxmizwebs,0.47
gael2222222,Null
miguel23863138,0.23
joeluruzagasti1,0.16
shannonpro182,0.56
coppel,0.53
sorianacom,0.51
eduardo21992,0.22
joshuaca10,0.46
joelmor09405758,0.45
asunayuuki953_l,0.53
pamegs26kawaii,0.55
g100tifiko,0.47
urban456,Null
cjcarlosalberto,Null
ferxx222,0.29
luisga_bv,0.13
io_feik,0.33
diaz123cger,Null
dany_alex33,0.4
wilsonivan1223,0.35
fr0st_m,0.38
pulgininis,0.15
mayu030303,0.5025
leslyeramirez10,0.51
feer100cia,0.24
brianfr34916350,0.25
supadre4,0.39
julio35314,0.34
rolandohg16,0.25
santi_nogu3z,0.4
krahs_dj,0.23
isaazucarera,0.19
alex100cia,0.28
mineeian12,Null
fer79322012,0.37
alejo100tifiko,0.3
bydoge89,0.18
javier_rh21,Null
emiliano1462,0.51
aliaga_lopez,0.33
papujdcash,0.66
trespiernas2,Null
seba_la_fuente,0.45
agripinoeduardo,0.2
donaguessxl,Null
rosaarath,Null
alexa111u,0.5
zbenja10,0.3
lautarofake,0.28
informasantwits,Null
colonia02gener,0.27
paulrod100tifik,Null
xdeepseagirlx,Null
luiortiiz,0.3
alex24635,0.51
aryink_lml,0.63
crazy100tist,0.47
blbalaprepa,Null
jadwer,0.22
angelya53069795,0.26
fernanda_caez,0.47
eduardolara750,0.33
pokeristaariel,0.4
tlahuicole_97,0.41
andrea_myz,0.46
junitanidiaz,Null
richie_nekuih,0.3
denis100tifiko,0.49
isaacjc521,0.7
andrikelihu,0.56
yaree_liizt,0.26
isra100tifico,0.31
karol100cia,Null
100cia7,Null
fabian100cia,0.59
pablonez19,0.49
alan_biancci,Null
aluxzzz,Null
lagartov232,Null
100tifika_katy,Null
zaigabriela_ram,Null
mrking_26,Null
astrid_100cia,Null
lefr28,Null
gerardo110991,Null
guille100tifiko,Null
devora_martinez,Null
miguel0509999,Null
andeleweey,Null
laudergalaxye7,Null
dimej0nas,Null
tona_cruz263,Null
manteteinformad,Null
enigmajd,Null
tavo_gaso,Null
donaltrumpnew,Null
realdonaldtrump,Null
alexisajotar,Null
lil_nicxlvs,Null
ajosue92,Null
tonyrmz_,Null
emeau,Null
marianalimasali,Null
nancydegarcia2,Null
erickal69819996,Null
edsondante,0.3
irirvinzgg,0.61
marcoescalanten,0.45
davidaycko,Null
kuautli31,0.32
miguel121113,0.41
victorponce27,Null
liverpoolmexico,0.48
debryanshow,0.31
pemex,0.44
anavillaseorram,0.41
tandemwharf,0.3
manonino30,0.32
crilose33,0.24
eduardoh_09,0.42
omar_si88,0.21
wheeler483,0.32
guerotegamer,0.19
efrenjimenez77,Null
jerryauriazul_9,Null
anisceto,0.17
fnafsaga728,Null
lopez_barraga,Null
jusei98,0.33
brentega2615191,0.57
alovach0,Null
srjuan7,0.24
luca_jazmin,0.33
jcharlie_27,Null
ulises100cia2,0.3
panda_friki321,Null
yael_feick,0.31
pinchewor_dito,Null
camilocastib22,0.28
platanitopower1,0.24
braunflores,0.57
jigsaw3d7,0.39
policia,0.39
walmartmexico,0.36
charlesvelaa,Null
louisphilip_xd,0.25
starbucksmex,0.54
eaglesports8,0.34
cova_pau,0.33
diana85480227,0.33
maska_mesta,0.39
starbucks,0.73
televisa_prensa,0.37
azteca,0.37
saulanderssen,0.39
yayoflewerer,0.33
carreraalexitho,0.4
raulbr3,0.6
fakekash__,Null
ramsesk9,0.25
juan_neirad,0.22
jesus100tifiko,0.31
serquiru,0.34
panchomndz69,0.31
fvcknmaje,Null
feikraul,Null
xxeduardoxx32,0.16
d4rw1ng4m3s,0.3
erickgo35828731,0.37
100tifiko4,Null
jordy_s162,0.24
wendygamez28_03,0.61
jjsvlp,0.35
hail100ciaxdv,Null
hey_hell03,0.28
the_eddied,Null
pelxdxtx,Null
alexo12yshsh,0.32
tnymrmttx,0.28
mrasecska,0.36
javierl46775043,0.28
ra_osielx,Null
lvidegaray,0.44
alexjimenez07,0.36
aguas_rogelio1,Null
shurikei,0.18
jerrybv3,0.43
aldohldj,0.11
realgolikgoku,0.43
videsnina,0.35
chaman_samahel,0.31
ladahir,0.3
juanfernandoxd0,0.3
santader_james,0.43
hhail100cia,0.3
realoscariero,0.41
activiamx,0.45
yisus_olg,0.44
osw_15s,0.35
fernandoesc101,0.58
galind_rodrigo,0.22
geradovaldez,0.19
benijuarez2,Null
rios_lucas7w7,0.46
aifonsuki,Null
clinginkey82,0.44
tpepinillo,Null
josua100tifiko,0.48
jonathan_al_ga,0.45
jaroltoscano,0.25
nmojales,0.24
alee_trs,0.19
wichilopochtli_,Null
walter24445780,0.27
kyu_kimi,0.44
rafaelhdz,0.32
famililuna4juan,0.55
de100cia,0.34
carlos_100cia,Null
mayscualo,0.28
anderzyfeik,0.59
raxord,0.19
finc56,0.33
abrildouce,0.15
fonsekhdzz,0.49
_nolly__,Null
jolvwtc,0.33
lizmenita,0.17
alexa2207alexa,0.14
zspace7u7,0.34
gabo34,0.5
nuevabar,0.29
homelinux,0.48
yosinuser,Null
pantojah,0.35
annleeu,0.33
smoothattack,0.16
yosoyheman,0.27
unsimpleviajero,Null
elfigurita_,0.27
nahat_sc,0.25
chinochanglee,0.16
vanraltee,0.25
jorge_vyg,0.46
meloswa,0.22
tuitnauta,0.28
numazicierto292,0.23
pri_nacional,0.41
edomex,0.52
paint_hope,0.34
esporunnuevomex,Null
ancasyoalli,0.19
richardsphon,Null
medioscar1,Null
jgvalencia,0.13
rodabla,0.43
brayan83312696,Null
wicho_cruz_8989,0.3
dylanma00702681,0.35
yukybutterfly,0.33
2070marco,Null
roo_260,0.36
gerardo_inna,0.3
kaanec,0.25
o_oso_o,0.3
mcstriker0500,0.54
f_cienfires,Null
mac_film,0.46
kuri_102,0.25
yazmindeanda,0.41
donovanjosfath,0.41
nicklyi,0.34
noeshin25_noe,0.39
yixingpatron,0.29
abicarord,Null
donnadie69,0.24
carlosbocardow,0.57
monymt,0.33
kreen54691833,0.69
xsleepwxlkingx,0.3
catarangel7u7,0.63
wilderescalant1,0.9971428571428571
angelfeik285,Null
carmeleona,0.36
miguelmangelr,Null
memosomething,0.27
alfabetogamma,0.28
javi_moa,0.5714594686359393
ibagon99,Null
chumeltorres,0.33
giveawayplaywik,Null
esteban59420811,0.47
ve1cu,0.34
erickviales1,Null
mario_c24,Null
feikulises,0.23
juancarlosomfg,0.36
fernangalicia20,0.41
mr_infame,0.11
diegosalas100,0.51
willy909willy,0.31
jhonatanalons17,0.42
eliteharp,0.49
danielr1223,0.54
padre_karras,0.15
jasstechmx,0.37
fabianmayo3,0.43
maauguerrero,0.35
soy_jonas23,0.62
arube76,0.26
franco_esca,0.45
yesslara95,0.23
thedatarobot,0.39
fcbjhonathan,0.3
madridixta88,Null
ghoswithe,0.29
cliffordxmine,Null
josue_aquino12,0.34
embrionistico,Null
vazquez_isaac09,0.19
aprmespitza_,0.33
galtro85,0.41
auriazul98,0.18
niicorcr,0.06
soy_tijeras,0.17
vanillaomar,Null
icterico,Null
edwin_mg13,0.26
jakiiriz03,0.44
elpinoles1,0.29
devilchaff3,Null
nilmau,Null
corderawers,Null
s0unshine,Null
5sosmukecamps,Null
mrpanadero,Null
gescobarxx,Null
soofiroobles,Null
isoyfarid,Null
sallagoyehosua,Null
betscoo44,Null
chica_sme,Null
alejanrroph,Null
rafareptar85,Null
noinfanciasino,Null
osckar4,Null
perrosodomita,Null
oduranfraire,Null
nayeli0301,Null
iamlivra,Null
paoladmsspree,Null
flxtchcliff,Null
valdo356,Null
mariapiarp,Null
zairus00,Null
100emanuelftp,Null
salma_ac,Null
_rikiluiss,Null
gameraventures,Null
vic666mun,Null
mellamanmud,Null
solosimona1345,Null
cuencamelo,Null
manuel_ibarra,Null
laurenymica,Null
g_ojedadegarcia,Null
matute_morales,Null
karlagpepattcu1,Null
ivandyyk,Null
chairotron,Null
miguelb_patron,Null
kevinadolfobv,Null
ambar1033,Null
linkinmx81,Null
alfonsobtr,Null
kevinmt49,Null
angelgo32052031,Null
vicman8202,Null
promise_louis91,Null
donrayokrueger,Null
betoperafan,Null
pedrochis,Null
srvacoso,Null
callatetuboca_,Null
latiayacki,Null
alex69x2,Null
michaelsclarity,Null
alexalcantar23,Null
cloud5223,Null
valeria97_lol,Null
jimboo0,Null
cmarambioj,Null
simitrioh,Null
rodrigopoulain,Null
n3z027,Null
miguelconter16,Null
pekosbill19,Null
elrivote,Null
muertadito,Null
arelyoficiaal13,Null
xdanieldsx,Null
fhercamarena,Null
ulises_javier,Null
daniiel_hdz,Null
montseust,Null
alienvanbuuren,Null
mx_diputados,Null
senadomexicano,Null
sh4wnpurp0se,Null
edgarreich,Null
toony94313,Null
shadowsehun,Null
leeoben,0.29
villatorojl,Null
yeer48,Null
flakogc,0.43
infante_alan,0.29
hmrmz,0.39
zanfacio17,0.8085714285714286
javieroconnor17,0.23
jesusgo73708993,Null
adann_17,0.28
homerotaffinder,0.28
siulpc,0.39
carogastelums,0.2
flacidodomingo3,0.41
mchaconsisimo,0.4
pldemex,0.56
assil17,0.37
joszapl,0.5
estigmatofilia,0.25
ronincimsa,0.42
jannadeidre3016,0.15
betoaguayo7,Null
lalonow,Null
ernestocerillo,0.27
angelfeick024,0.67
sincel4rry,0.49
jespanda80,0.45
orlandoalexis14,0.31
heesica_babo,0.35
i_calderon,0.43
_carlosccc,0.26
ill_dp,0.35
benua_xd,0.75
chukininio,0.28
100tifiko_keto,Null
etche_eli,0.39
rougettez4,0.28
alfao_530,0.31
contadorclaudio,0.21
aioros1986,0.14
ibbdebrajin,0.43
horax1,0.21
jannigm,0.33
mexicoreynosa,0.28
yafaltaba,0.31
sora_02,0.18
suciodan100cia,Null
ericjihiii,0.3
unoisam,0.37
israel88046642,0.57
donmarras,0.25
letradoarmando1,0.38
hucepa,0.41
fanyfeik,0.61
chickenaileen98,Null
jsarmiento242,0.4
edox176,0.22
elpinkmanlh,0.59
sadfake01,0.14
jesus_aijem,0.23
yennijive,0.52
ajenj0u,Null
dmontiell,0.21
abigail_rbb,0.34
fernandcaslienx,Null
feikjosue,0.21
irmadzapote,0.4
ramnzig,Null
elmomero1,0.17
julianjgg1330,0.24
81omm,0.25
karo0linaleal,0.52
brayankai,0.3
kokemichel,0.26
renabarbosap,0.33
sandra50268903,0.28
starkdelmal,0.34
marvin_feik,0.31
pierdz,0.32
alexiscasas3,0.21
carlosarath123,Null
christianthome,0.42
edik123erick,0.24
brand_men2,0.42
arturofm2103,0.45
marianazl2003,0.14
mexiholkeano,Null
batholomewgrif2,0.57
jhonibarre,0.12
starteam7,0.23
miikags,Null
oscard2797,0.45
diablasrita,0.19
yorchhappy,0.36
aurorahoran55,0.34
taka_kun_owo,0.27
mazzy1212,0.42
karly85lo,0.39
sadmoon666,Null
unopinadormas2,Null
ahnadie09,0.36
suicidezd,0.3
csrcln,0.39
luisvargascoro1,Null
lustermagician,0.39
ivan_grilo,0.34
gabriela_zumaya,0.36
cuack368,0.49
kelvinnissim,0.38
holkarli,0.3
wendygrpz,Null
mussdefrijol,0.14
coreanomar,0.32
wuayandyel10z,0.35
joseph_androso,0.58
eddie7676,0.3
alanolaff2,0.68
jenefferto_,0.35
diego_sklant,0.33
annxpink_r,0.47
absoolut,0.24
pokemon_rogelio,0.34
angel100cintifi,0.23
g2jimena,0.35
star_team_,Null
liliplf,Null
karlapromesa,0.54
duxtuit,Null
roryz19,0.33
mundugumor,0.28
alejandrarochde,0.27
markuzcamachus,0.22
victorraulhf,0.2
lavozmatamoros,0.43
aanaxcastillo,0.34
soycrisg,0.39
_moiky,Null
tony_7773,0.43
lupitasanc1,0.8365714285714286
monstruoeee,0.22
dzekocr7,0.24
santiago_bv023,0.24
jessy_mrock,0.36
luztriana89,0.32
jaimesaid,0.39
josmig100,0.28
adrianvain,0.25
salmeron_ian,0.37
chukylovesoccer,0.27
zurielzaid,0.39
11elvani,0.4
blueghost_mx,0.33
hadachola,0.43
pfloydart,Null
addettorest,0.4
_edith24,Null
ramon100tifiko,0.35
hail100ciaxd,0.29
dgasga,0.43
isaacdabbah,0.48
javier_wezt,0.4
eriiz27,0.54
jorgblumen,0.24
soydeplaydoh,0.31
amabarrientos01,0.42
lineblack2,0.42
alexia_paulinep,0.1
pato_gal,0.43
rotarelpoder,0.31
pekalaserafina,0.35
rafa_cardenas_e,0.3
fernando5luis,Null
master_badger,0.25
mex_ppkreisi,Null
kamuiedi,0.25
duckeyeless,0.69
ricky_feik,0.24
jonas_555,0.34
geras26,0.33
edgarhgofficial,0.23
johndgm,0.42
lorena_cortes16,0.5
stivenordaz,Null
osamanthita,0.36
susiiparra21,0.18
octaviogaes,0.33
_silvestretres,Null
karlozpadilla4,0.33
1602eric,Null
aldo_land1,0.53
chriskaroka30,0.35
walmartmxycam,0.45
andynoxvil1,0.28
rodriestat,Null
drag0nj1,Null
luisfeikbv,Null
juanra_gomez15,Null
danyvidales12,Null
rickimsa,0.43
alheranx,0.31
angelcachondo02,Null
juanluismon,0.46
osoriochong,0.34
albertocorona01,0.46
patuco_bm,0.32
_sonrisa_azul,Null
emiliochango,0.36
yisus_feik,0.33
anonymous100cia,0.26
angelrivmon,0.34
lizcristaz,0.44
the_haunted_616,Null
korosensei_kief,0.65
hackerdavidktp,0.28
charlscharlie,0.32
joyperez,0.16
oscarcoti3,Null
pattytob,Null
i_vetta,Null
solvauce,Null
isoyronaldo,Null
elpedrro,Null
ctm100cia,Null
koestyle,Null
ario_1,Null
ysilverberg,Null
elburropedorro,Null
cquintero420,Null
elbohemio_loco,Null
el_doitorcito,Null
sugarrhoney,Null
_soypaosalinas,Null
povich1,Null
coddya2,Null
boyjefe,Null
vicas9_vica3569,Null
rocksand3,Null
juan666gamer,Null
girdany,Null
eric_1602,Null
luis100tifikoh1,Null
mvpaco11,Null
chihlango7,Null
javieroc10,Null
andreszambra17,Null
xfsd5,Null
mildra9,Null
adolfocastaedab,Null
carime93,Null
milenio,Null
gcthjesus,Null
tuca_ferretti,Null
padresolalinde,Null
aristeguionline,Null
juliocesar_cano,Null
epigmenioibarra,Null
sancadilla,Null
alicarrera,Null
elinformantemx,Null
lossimpsonmx,Null
sangrederebelde,Null
jrisco,Null
paul_pellon,Null
guruchuirer,Null
revelamexico,Null
hiletrado,Null
forbes_mexico,Null
chivas,Null
ricardorenter15,Null
laura4sham,Null
marthatagle,Null
90minutosmex2,Null
alynmon,Null
laaficion,Null
youtube,Null
doncaiman,Null
jaca6311,Null
albaniaoc,Null
virgiliocaballe,Null
mario_delgado1,Null
thumpingx,Null
mboe55,Null
weasleymala,Null
oskar2687,Null
expansionmx,Null
noticiasmvs,Null
villalvazo13,Null
ncv_violeta,Null
albertogpmx,Null
informador,Null
gabrielregino,Null
latour73,Null
prometeonuclear,Null
puzzleshifter,Null
capitalmexico,Null
nelstars,Null
pocopelo23,Null
mountains,Null
lucillyzl,Null
grillando,Null
reporte_indigo,Null
heliodoroh,Null
chedrauioficial,0.3
impagochis,0.23
mlopezsanmartin,0.28
julioastillero,0.42
romanolo,0.34
ramkarc,0.37
taller2006,0.4
alomortiz,0.42
estadodemexico_,0.41
carlosdiazayoub,0.37
twitter,0.43
lupitajuarezh,0.32
jenarovillamil,0.46
quienesonmx,0.58
el_produ,0.24
mkamacho,0.36
mileniohidalgo,0.41
joseameadek,0.36
univ_metropoli,0.4
lioneljonson,0.2
maroontorres,0.41
letras_libres,0.36
televisaapesta_,0.39
alerta_ecatepec,0.44
monerorape,0.3
capsnarrador,0.19
chiquimarcomx,0.39
mtyfollow,0.34
publimetromx,0.36
excelsior,0.4
_sede_mx,0.31
tachibiworld,0.29
vicentelozadab,0.42
elprestone,0.09
solidaridad1000,0.45
elsolde_mexico,0.42
giovanniputzu,0.64
ecatepeccom,0.43
attimesmx,0.37
cnnmex,0.49
porialibre,0.48
saos50,0.4
cosapublica2,0.35
ricardoalemanmx,0.37
molotovmx,0.5
trafico_zmg,0.35
hekglez,0.47
javiermontanod,0.23
alexmelon,0.32
samuelmdzm,0.47
emeequis,0.57
ricardoanayac,0.56
a_thredson,0.31
ubaldo_eliu,0.38
guillermo_ga,0.27
andreamerlos,0.39
redvialrc,0.29
l_p_o,0.37
imagentvdeporte,0.36
urielms11,0.35
ivanprometeus,0.22
inakialvarez,0.26
tenejapanboy,0.34
maestrosenresi1,0.38
joseluito_1,0.25
monchis1601,0.55
enlacemexicomx,0.36
elyvakeva,0.42
_paniaguaf,0.46
pkumamoto,0.32
enriquealfaror,0.42
eruviel_avila,0.44
jlozanoa,0.29
jet1403,0.29
lunalunamc,Null
03kadin,0.32
ezequielfloresc,0.34
aquimandoyo12,0.41
oxminaox,0.4
juanperez194912,0.45
change,0.56
asmexico,0.38
latati2,0.46
cruzamaranta,0.35
tuiteramx,0.39
ilpiolo,0.27
revistasisomos,0.61
indignado_x,0.53
lalomoreno83,0.38
luisdsevilla,0.23
adalramones,0.51
zona3noticias,0.25
telesurtv,0.42
ocho_tv,0.25
rociohernndezh1,0.26
blancalolbee,0.37
info_fabiolahdz,0.32
shcp_mx,0.4
danocamx,0.43
isidrocorro,0.34
antoniojmarti,0.6
_acheeme,0.19
giiobanny,0.27
comequelites,0.31
manuelgarciaes,0.32
liccsanchez,0.34
victorvhtm,Null
cadthebane,0.28
lopezdoriga,0.46
mexicoxsegundo,0.66
eugeniaguera,0.22
diariodejuarez,0.27
tab_informa,Null
kopylovapavlin1,0.31
mrs_holy_schitt,0.23
javo_chavez,0.42
marc1gar,0.46
seinformativa,0.43
ealmaguerr,0.42
alvarosanchezmx,0.38
johnmackerman,0.52
sre_mx,0.3
sergioylupita,0.29
jesus_zambranog,0.42
miguel_cnar,0.46
melissaleon_ml,0.42
yodkaz,0.27
m_codigorojo,0.33
chiva74,0.31
politicomx,0.37
jazzchocolate,0.27
clasik83,0.32
robertextreme,0.4
capital_21,0.41
terminattor1,0.37
annajov,0.26
caballero_felip,0.35
manceramiguelmx,0.35
manuelrommm,0.25
jjppatron,0.45
acevedotux,0.22
amlooficialnews,0.62
elhijodelrayo,0.37
condesatownmx,0.36
tlaorocio,0.14
tigresoficial,0.39
denisedresserg,0.31
faumyr,0.34
gsophia2998,0.1
mbarbosamx,0.46
luisrg01,0.32
danzoter,0.23
janlaamante_,0.31
mileniomty,0.46
mileniotv,0.39
mileniofirmas,0.59
milenio_leon,0.4
mileniotech,0.59
mileniotam,0.5
mileniolaguna,0.44
milenio_edomex,0.67
mileniociencia,0.54
retiodf,0.39
uninoticias,0.46
memobarba,0.44
ernest_ruelas,0.06
revista_tucan,0.43
jljuarezmx,0.37
ivanazul19,0.24
newshidalgo,0.24
periodistalili,0.24
julietajrc,0.37
bujdudselbachm1,0.31
elloboivan,0.24
martibatres,0.38
00033_alex,0.36
jandresmtz,0.31
rayelizalder,0.26
cuauhtemoc_1521,0.42
vanevillareal_,0.47
jan_herzog,0.41
francislozano7,0.42
gerry02mx,0.43
unocero2,0.4
atraccion360,0.36
rosalindalop,0.16
epnmatandoamex,0.39
agenciamvt,0.37
_el_stink_,Null
dulceolivares1,0.32
coordinadora1dm,0.33
tvregionzumpang,0.48
letiziaf74,0.45
refval100,0.31
itradenewsmx,Null
gusano7234,0.35
ladoce,0.51
carlegolas,0.28
fatzaguilar,0.18
ovariodeeva,0.22
hechos_puebla,0.36
campisur,0.37
victorhbecerra,0.41
puliidooo,0.37
alexcarpizo,0.44
efemexico,0.29
ovejaelectrica_,0.31
loaruben,0.25
gutbesa,0.3
ed_sanchz,0.4
aristeguicnn,0.36
jinetedelpueblo,0.48
araimglez,0.26
anarent,0.32
everybodylies07,0.28
jorgegcastaneda,0.39
pcybomgdl,0.35
lisandroalgterr,0.39
prdmexico,0.31
circulovivo,0.44
rocioss,0.35
paolaglezelvir1,0.6
facosta100,0.54
hanysc,Null
gustavofuentesj,0.64
alexabreo22,0.58
noticiasenfasis,0.46
ghatto_blaster,Null
dio_rom,0.23
chivaspasioncom,0.37
miguelangelfdz,0.29
irreverent7,0.46
gobcdmx,0.37
msaavedrah1985,0.52
mizam82,0.34
palomaguillen,0.3
maelena06,0.44
24horasmx,Null
benavideslaw,0.33
jjpelonmoreno,0.32
rocioalcalag,0.38
pablohiriart,0.36
adnpolitico,0.41
brozoxmiswebs,0.47
ibfreyesn,0.52
bagesmabara3,0.29
arizzpersonaje,0.4
mauricioneblina,0.32
aaronarmando14,0.3
el_universal_mx,0.4
perezyoatzin,0.35
mileniojalisco,0.38
b4rnyzaurio,0.39
idaliasantos1,0.4
tigrrissimo,0.32
sancadillanorte,0.22
revistapolemon,0.48
oficialmorris,0.35
mimorelia,0.37
informador_mex,0.4
c_morales86,0.19
_lasnoticiasmty,0.3
joluisgarcia,0.21
doccarlosrd,0.25
capifuria,0.35
mercedesmejiab,0.3
ra_estrada,0.31
jaroiv,0.57
chavomorales2,0.4
javier_corral,0.34
lauricky,0.33
luis_larraga_03,0.34
aracelimontaez1,0.27
elsudcalif,0.4
noticias_21,0.44
poderag_tolmet,0.51
chivasjuarez,0.27
geriatra_1,0.32
hozafer,0.42
saidperezmartha,0.22
diariodfmx,0.56
melzedek,0.32
asambleadf,0.43
nssoaxaca,0.3
adrii_6277,0.11
blackfairy09,0.35
barbaracabrera,0.33
gobiernoedochih,0.39
ariz_monca,0.21
mario_oscar29,0.15
efektonoticias,0.37
siete24noticias,0.33
revistazocalo,0.37
raevinwhite,Null
deliha25,0.41
claudiorocca,0.19
luiscardenasmx,0.52
diputadosprd_,0.36
mundogodinez,0.34
animaldgalaxia,0.32
joulecorpse,0.12
leo1black,0.3
iqpoliticomx,0.32
senadoresprd,0.3
iruel000,0.34
_marbells,0.22
mt_regia71,0.28
nisa2906,0.42
ntmmxtoluca,Null
adnazteca,0.48
manuelclar,0.35
devoradonas,Null
bryantoriz1,0.23
mhsnoticias,0.33
reginav44434414,0.4
politicaspromex,0.63
zildjjianplayer,0.29
corrupcion_pri,0.41
maximihlian,0.28
gentehuehuetoca,0.36
oescalona,0.37
spaintyna,0.31
tequixquiac,0.32
ollinitza,0.43
sebastioqo,0.19
candres_23,0.32
gaborozcomx,0.18
parararers97,Null
n_kuitlahuak,0.28
prinacional,0.33
oficialrafaelb,0.31
moisesrosas,0.3
gperezepeda,0.23
eltopermx,0.47
martinsantome57,0.4
laverdadhidalgo,0.3
mario_ena,0.41
proadrianagora,0.44
econsulta_ver,0.54
laescribestu,0.44
rabia_axolotl,0.21
werosans,0.21
sakdra,0.26
yosoy132ffyl,0.23
hey_gab01,0.26
maurogonzalezpa,0.39
santhipolito,0.36
dragabbie,0.29
ftstation,0.44
rruizte,0.35
gobmx,0.39
mags_sp,0.37
earswoman,0.47
jicc76,0.36
teregro48,0.42
loremerodeador,0.28
luisadetroya,0.34
payas0_lrb_eap_,0.1
jossbotellos,0.56
manuel721127,0.37
cuaucalderong,0.36
pinara1,0.32
marcosotelo79,0.34
viclozanom,0.36
liizy_gtz,0.17
hardtony05,0.53
adrian3720111,0.58
petrobono,0.44
ernestogtz14,0.31
jpensamiento,0.28
agu_real,0.27
latraumaldita,0.48
mayab68,0.37
juliaalonso15,0.39
gobiernofacil,0.43
arquiebri0,0.23
auroraknox,0.27
jose_cheka,0.52
joeblack_18,0.4
marioxcode,0.28
unspacymex,Null
elmoteroisgreat,Null
imjust_mau,0.31
leunam_chiken,0.33
sergioleonmira1,0.34
11marbel,0.38
navarroisrael,0.54
janto111,0.33
soylanegrat,0.28
acervantesv,0.35
savoy_fb,0.28
ricardo_vgv,0.28
lagomet,0.41
calixtoboss,0.35
kemlisja,0.36
pam_lives,0.42
lilisaku,0.26
rebe_mq,0.44
dontriana,0.41
os_alanis,0.37
emilio_gamboa_,0.37
informador_dep,0.34
eemilyrrom_,0.26
mariade34828435,0.48
tuigualami,0.34
mundo_lga,0.42
discolocosgroup,0.31
rogeliopa,0.31
itzarestrepo,0.12
mariae12_7,0.2
carlosnajarraba,0.38
yoshgawen,0.31
joselop17273090,0.32
eduardolobito93,0.35
jeftesaurio,Null
ysak03,0.28
grupo_ap,0.33
ricardogr,0.11
fanysolis,0.24
adrenalina_exc,0.28
notigapemx,0.39
eltiotonysoy,0.35
buendia_tunel,0.35
planoinforma,0.44
vlartin,Null
proyectopuente,0.29
lucesdelsiglo,0.51
jrendone1,0.58
jane_hernandez5,0.41
genesiismm,0.24
carolantonioa,0.42
undiacomoleon,0.56
leonel_luna,0.46
mauriciotoledog,0.31
gv_gloria,0.23
abuelaram,0.36
70torinoman,0.43
votacuitlahuac,Null
elizabe79771561,0.32
mescartin,0.36
franperea9,0.39
aristotelessd,0.48
dav_moncada,0.34
ana_nanap,0.33
xpx_star,0.29
eir_prensa,Null
cristina_sada,0.39
duarteminap,0.36
oneamexico,0.43
visavi1001,0.37
adriandherz,0.4
jorgemanson,0.28
_marranogay,Null
soclmdiacom,0.42
frases_de_amlo,0.41
adler82mx,0.29
darthdemon_,0.13
vilyamgulyaev82,Null
claustarbright,0.49
surterchprack17,0.47
iker01,0.09
aideebarcenas,0.31
dumbledore1778,0.23
alerta_mexicoan,0.56
eddybook,0.29
bf9ac9bd3062424,0.28
somospri_,0.53
lemonikh,0.33
adiazpi,0.45
aguilarchedraui,0.25
jonathanes99,0.4
androramico,Null
vladimirovradi3,Null
ssp9630,0.34
thejohnmandrake,0.2
brenapolinarr,0.1
chapis_herrera,0.36
univisionsports,0.31
huber_sr,0.47
jols73,0.31
1950emilio,0.29
marcoluna7g,0.38
yanuariyavladi3,Null
eddieguerrero33,Null
moto_thor01,0.27
pierre22lara,0.34
sjanette39,0.47
lizar_reyes,0.52
lamitadmasuno17,0.4
joanaxx_,Null
quorum_mx,0.28
riccavi55,0.47
entera2mx,0.42
beto_rh6,0.42
susana_har,Null
bibivip,0.41
arkyfayerlord,0.46
heroz8rosas,0.37
alex_pega,0.3
adsoriano,0.13
pueblaonline,0.4
radioamlo,0.41
l_orv,0.39
julioluna__,0.27
melgibsonsite,0.49
a_zamorag,0.46
theobservador,0.26
dgs0010,0.38
drlorenzomeyer,0.4
josemeyeribarra,0.33
goliveros,0.43
tankerubio,0.34
eloccidental,0.29
uzyel07,0.27
xxsavier,0.43
aburtohdz,0.19
baccharis99,0.52
galvansecun,0.4
tigreceballos,0.52
flavio_oliverio,0.36
rm23ro,0.35
_sealionnn,0.2
angelesradio,0.31
marcehtam,0.29
06akmp,0.29
esastrer,0.23
zorroanonym,0.25
itam_mx,0.4
alfredojalifer_,Null
jasm_acker,0.34
informatyuc,0.51
renanbarrera,0.46
blasfemoaca,0.34
fugitivoxxx,0.41
manueltenedor,0.37
dingleberries72,0.25
donvix,0.29
pachekormz,Null
castelanemilio,0.44
yoonamiee,Null
albert_pastelin,0.25
alex_twit_,0.31
marulujan,0.41
miguelbtrevino,0.38
ceciluca,0.18
yustabeck,0.37
comcoparmex,0.53
junior_alexa7,0.39
alfredo_cb,0.34
lachica_beatle,0.46
gremorgado,0.3
hrrysyndrxme,Null
c0nvey,0.53
jarochopanman,0.42
formato7oficial,0.63
yoconyunes,0.34
elicheoeh,0.54
cajememac,0.58
manzuroficial,0.42
lucypapujoe,0.4
smilejaurwgui,0.37
israoficial,0.27
castro_molotov,0.34
hectormonteroo,0.38
isaiangel,0.21
roga5t1an,0.34
daviddelapaz,0.41
frankybofi,0.37
phanie_mm,0.46
emilioalvarezi,0.41
mdp0812,0.24
gusinisolano21,0.31
rodolfo22075630,0.34
johnnyiommi1808,0.42
estigiaed,0.49
betucla,0.38
david_herro,0.47
signa_lab,0.42
gilviesca,0.47
jhdezg,0.31
vickgonzalez78,0.25
carlosresendiz6,0.24
carlos_gerardo7,0.38
psskow,0.25
sopitas,0.38
guiesga,0.31
lanews_soc,0.46
quefishtv,0.3
vicmay2010,0.2
ayesisgod,0.32
mclarenrcf1,0.38
elsaort2807,0.54
eloycam2012,0.4
mario_vazquez_m,0.27
pagciudadana,0.33
jesus_246,0.43
ruthagui69,0.33
goswaldo,0.07
madaaii_,0.25
libertador_mx,0.34
ana_lizeme,0.35
iluminati_1717,0.24
kosimeraz,Null
josep9cito,0.36
eralbu,0.38
mreldiablo8,0.23
veromv58,0.37
mecheronquillo,0.44
davegallagher23,0.16
alesss,0.25
andreapridabay,0.58
jestradax,0.31
glo_arr,0.38
compajulia,0.37
fernande2,0.18
michael_ruwen,0.32
cristopher_jea,0.52
goodsquadmx,Null
aztekghost864,0.29
gerryregio,0.34
mrpaxeco,0.38
luis_gdl,0.46
vepabl0,0.36
mexicanoorg,0.19
elperroposmo,0.57
natchastarr,0.2
alexcaroln,0.15
alancontla,0.22
acontecernvaros,0.29
ajuaapuntocom,0.48
soy_un_clasico,0.37
hellderb,0.4
galancortes,0.17
dai17jpf,0.45
nibelungo33,0.35
clau_diahs,0.29
carlosloret,0.22
mimalafama,0.09
wintukfest,0.36
misskarrusel,0.4
wazowsky87,Null
clausmontesinos,0.24
migu_e210,0.21
juanguez,0.24
jesman1005,0.39
luiscruz1306,0.51
elmaldito_ego,Null
ironrasta_60,0.32
luisvilchisn,0.26
m_zamarripa,0.4
shaidellzazueta,0.27
arcoronado10,0.41
pakoleontv,0.32
mapimo2,0.42
hunhunapu_,0.27
danny_justagirl,0.2
quadratin_jal,0.45
shey_l0,0.43
rockdrigo_justo,0.12
alex_maldonados,0.33
joelsanradar,0.43
rojiblanco_izc,0.33
chiiou_,0.21
0303isela,0.42
alarconmerielle,0.37
radialtvcom,0.45
tnt_cock,0.22
ojuelos2010,0.53
trizas24,Null
lavozdedurango,0.4
svaroc,0.45
argelmoren,0.32
vanguardiavieja,0.34
mariogarduno,Null
totomx,0.4
luna_utopika,0.28
enlacepuebla,0.45
aleja_baez,0.25
poloespejel,0.34
dinorita,0.33
elmartinx,0.36
theguyintheg,0.2
valexamber,0.34
don_guajo,0.54
noticiasbasta,Null
yosh_mobol,0.16
lupispuma74,0.3
xadrimar_,Null
samcifuentesz,0.24
eduardoglez600,0.25
ramirezhelena,Null
luispazramirez2,0.46
talanoticias,0.5
antonimoral25,0.38
jesuserickcruza,0.32
timopeke,0.31
kittyeskitty,0.33
iunabrenn,0.22
alanmx11,0.34
valderrama077,0.46
guiller91337849,0.31
dr_wagner__jr,0.34
luis_rj96,0.27
heartless_tx,Null
fredyriveranmp,0.42
alfonchagar,0.34
juancherrerac,0.29
elsoldetijuana1,0.46
kdekarina_,0.31
susanbathory,0.44
gonzalezjluis,0.58
clau76mx,Null
msantillanf,0.44
revista_r,0.42
laroja_mx,0.52
freethinker2017,0.34
cidac,0.41
iam_paco,0.25
bruiser_brew,0.29
chavira_ivonne,0.42
a1xtreme,0.31
hansnuno,0.14
miguel_mex2010,0.41
earendilpan,0.26
jorgerdz07,0.16
ahuizotl70,0.32
francis35186234,0.44
aragorn04,0.38
nahum_h,0.23
ponibear,0.18
erendiritas,0.53
sorayona08,0.31
pc_ambienteqroo,0.49
greziad,0.35
josuetb2,0.35
sebas_tianduran,0.09
jlupegl,0.32
quetxalcoatl1,0.4
barbsbaby_xo,Null
lucrecialuque,0.37
_mariles93,0.24
sener_mx,0.33
un_divergente,0.34
nevidferrel,Null
neoespiriti,0.43
erikagiles19,0.52
chicodeltuiter,0.34
bernardo_001,0.27
pacoestrada1,0.3
madrigueradoc,0.33
josesanroman58,0.52
alamillacyn,0.18
mariy43,0.24
taeadoro,0.41
antoni_loz,0.07
leonardo11mx,0.34
sopaguada,0.23
pakoovr,0.43
santillanazo,0.43
huichapanseguro,0.45
lupexxeudave,0.22
angelcmtz,0.31
bagon89jose,0.56
vicgabval,0.46
ricardoplaza69,0.34
resendis_ruben,0.34
dkpt4,0.6
cmendozafleury,0.32
leonardgomezc,0.35
quitosbarrera,0.56
edritsu,0.66
jrm2406,0.31
chivajuan06,0.13
kkar2514,0.36
eresdelopiorr,0.24
ragash01,0.3
starbear69,0.31
miiguelmty,0.25
lectorbestial,0.33
jazzivelg,0.13
kreninazu,Null
centurymexico,0.35
farnem21,0.53
mayopaco,0.24
malenahj,0.45
anonymus2121,0.25
martinesprisci,0.34
gecesag,0.36
arcestaban,0.4
luzia_p159,Null
sexeniomx,0.28
anagraue1,0.4
vecino_azcatl,0.4
alexrocaoro1,0.6
ajacubo,0.41
robkentay,0.37
0marcresp0,Null
flavio6107roca,0.39
theblancadeluna,0.38
salomonpragma,0.43
antineoliberaly,0.3
elitanialopez,0.28
edithfotos,0.18
raulgasca,0.26
antitelevisamx,0.51
acevedom_h,0.3
revistaproceso,0.57
jos_diaz,0.16
elimparcialcom,0.35
lilfrijolita,Null
jrvende,0.47
proaxcorp,0.22
pumau_20,0.38
pepepaz9,0.33
stiqmas,Null
roberto92072862,0.43
alanfelix,0.14
roodimas7,0.58
ahtziricardenas,0.39
alegueris,0.21
joseantoniopia7,0.42
gdehoyoswalther,0.47
coparmex,0.38
dariocelise,0.46
cconvergentes,0.22
evaleticiad,0.33
imanrik,0.18
octaviogermano,0.4
abejapoblana,0.47
lacapital_,0.51
metrocdmx,0.4
gdlmetro,0.43
policiagdl,0.49
ormar2000,0.41
luferre,0.32
carlo_elcaro,0.25
patricialop68,0.37
zumiranda,0.16
perla_eteca,0.37
argos_rafael,Null
thefuckiingcap,Null
fdlegorreta,0.27
aldajaro_vargas,0.31
burbujita46,0.3
luis_cyf,0.48
alberto_avalosh,0.49
veronicalderon,0.26
alegarciamorlan,0.32
pacotaibo33,0.32
magomezpolanco,0.26
efraaiza,0.28
arelyvamo,0.7
manzanitagrunge,0.21
ragutz2,0.54
zombie_repelent,0.31
solociudadanos,0.32
diegodelunamx,0.37
celofanasanchez,0.38
edurneochoa,0.36
marianeria54,0.22
jackerbeat,Null
_manuelhb,0.28
accionnacional,0.4
ross20mg,0.28
jackyyy_27,0.28
salo_omega,0.24
dharmazul,0.29
cesar_herrerav,0.34
buscandounlider,0.25
cecevich,0.21
aristocrates38,0.52
rober_hernandez,0.35
alexpadre2014,0.34
maguiigarciar13,0.28
cortesbridgett,0.35
fanosie161,0.24
1903hega,0.33
vietnika69,0.22
luiscal09,0.32
horte132,0.52
bolarebel,0.1
ednnaaaaaa,0.43
anthonhii,0.24
alanponce_29,0.43
ferbelaunzaran,0.39
cam_lib,0.4
aspid99,0.35
19arti,0.18
lizarnajera,0.44
iliasolis,0.36
jhmm61,0.3
brawnmunguia,0.45
arana123,0.32
donpendejero,0.37
azaldivar_,0.41
rpizarrot,0.26
brizuela27_cone,0.37
jairpereira16,0.39
pepecoatl,0.46
posoyemaifren,0.46
saccharomyces82,Null
hulfi,0.29
luisgarnica90,Null
cgalixia,0.12
mooritha_dm,0.18
dastanh1h,0.25
raysa_bm,0.41
aleckz_islaz,0.42
alcantar732,Null
analili20004638,0.47
iquenefasto,0.32
dpazarin,0.48
v_nightryderb,0.34
_raulcortes,0.26
gurrutiar,0.27
sarasuadi_mv,0.36
javi_nolasquez,0.34
arianabazaldua1,0.25
paumontagud,0.3
jose_luis_cb,0.34
avdr_56,0.48
movimid,0.57
gugumagaa,0.33
anuarazar,0.42
sugarbaerry,0.22
edart,0.35
zucchiniblute,0.31
laizcallense,0.34
displasico,0.33
laualzua,0.47
tece77,0.31
luisesp43680876,Null
datagrave,0.23
tinnistapia,0.5
imagentvmex,0.39
oro_alex,0.31
gauchoveloz1,0.28
cambiomichoacan,0.4
zaratustraateo,0.44
vabigailha19,0.54
juanis08,0.37
atilaal100,0.38
melinalandazuri,0.27
ulisesrascon,0.34
serpico19,0.38
janetutis,0.18
fcomanuelbr,0.37
ferchoportillo,0.26
aliviics,0.42
vil_matraca,0.27
pedrocpp1c,0.43
angelespa1,0.43
hugocarlock,0.35
pepemontano,0.32
telesurenglish,0.53
miamava,0.25
danzysky,0.21
albsters16,0.39
izcallinotas,0.4
josephmkaiv,0.15
danna_zaldua,0.29
nelson_schloss,0.29
cynthiagonzz,Null
sinuh03,0.43
albermontmex,0.35
ively3,0.44
0725marycielo,0.39
itzelyta,0.53
andydanmtz,0.58
sayola1,0.26
lady_sky83,0.38
mrivanfigueroa,0.28
degenerativo,0.49
jorgelvazquezh,0.28
superalimentos,0.55
fjdtepoz,0.38
_elizabethpm,0.22
aguirre_almita,0.58
baez_gaby,0.43
morphorhetenor,Null
johnlo36732656,0.55
yetinuke,0.16
rv_nandayapa,0.25
ivanrock69,0.36
a01374948,0.46
_engdl,0.52
penceisgay,0.6785714285714286
tayloroterocamp,0.49
centralpuebla,0.46
lalo0095,0.29
fredolm,0.29
pavel25pk2,0.55
logismex,0.3
jgmvalero,0.35
hidalgodigitai,0.52
erlik02,0.31
spookyheathens,0.16
arq_lazaro,0.32
sophistyles1d,0.34
jfergaby,0.44
skriveregui,0.3
lord_olascoaga,0.25
djivanluna,0.33
homer1919,0.31
mirisacl,0.28
uacmita,0.36
lichogg,0.24
gmoax,0.25
dgineco,0.32
pp_moss,0.21
rododiaz_,0.16
joelramch,0.26
solo1ganzo,0.24
vittoria_cr,0.19
gabicita2308,0.23
chiomaldonado,0.29
tolukenmov,0.5
emmanuel_tc,0.25
hijodesuchin,0.37
solounviajero,0.68
salazzaralexxis,0.18
aldfmorena,0.35
raamongdl,0.18
alfonsoramram,0.41
isaacpl85,0.33
iolverac,0.54
estarronadamian,0.44
alexromeroayala,0.38
rafaels201,0.45
anibalkira,0.16
_alan_alexis,0.22
octavianomedin5,0.41
brochero_j,0.3625
sayuki_kisaragi,0.26
jav8169,0.44
onielyou,0.34
rigelitooow,0.24
cobitos100,0.5
armandopalomo,0.22
aggave23,0.3
villavicencio18,0.3
marcelafado,0.35
amegarces,0.34
pilarhe56306807,0.27
zocalovirtual,0.52
rolllaverge,0.44
jannekira,0.2
sofi_9461,0.36
ofe_rs,0.27
alfredererick,0.56
_mssaucedo,0.35
salazar_trejo,0.31
cesarpadillamc,0.42
mich_elle_boop,0.36
chiiaquii,0.36
sonypeortiz,0.41
sakumichuzz,0.37
mrcmz,0.52
saivilss,0.24
reporterocabron,0.34
mattmcdlls,0.23
chairotonaltek,0.41
blackrose0713,0.32
yurisharobledo,0.51
pililomeli,0.45
vichg99,0.33
alejandromclean,0.39
uvamimo,0.36
ale_barralesm,0.35
marianagc,0.29
mzavalagc,0.44
luisfrvncisco,0.05
lucifiree,0.26
asandovalnet,0.4
ar2077,0.39
ylujano,0.32
la_castanedaaaa,0.3
rociobunuelos,0.45
yosoymoomo,Null
tano_nieto,0.33
mor_en_lucha,0.32
derfamiliarmex,0.3
gotagussy,0.36
criss_mancity,0.4
pabloiq,0.44
m_formicador,Null
lucypinfranco,0.44
ojgaar_ojess,0.35
fernandomaba,0.28
mitchel_marie,Null
beere_fs,0.21
maobolio,0.32
alcalorpolitico,0.4
drchodrplik,Null
gabriel56888949,0.37
jcoliver007juan,0.28
svenstenka,0.51
alfredo73_j,Null
nalleli_esviv,0.29
eldump,0.2
danyboy7610,0.53
martin___rt,Null
paradoxeparadis,0.41
ginebra58384227,0.45
alejandrocj3,0.31
jorgecasique,0.17
_mrtweet_,Null
lauespejel,0.22
yummylovemexico,0.42
tapiafernanda,0.35
enlaindustrial,0.4
magiadee,0.47
cecibelr,0.32
somich915,0.44
guadalajaragob,0.49
hetements,Null
cerezo37,Null
jesusdominguez,Null
abraham_huerta7,Null
dama133,Null
mbarcenassotelo,Null
marisolmorin,Null
cvrb0n,Null
dpadron_noe,Null
almansini,Null
jerris200409,Null
xglahdehs,Null
joshaelrojas1,Null
meganoticiasdgo,Null
alor_daniel,Null
claudiiva,Null
corazonmateama,Null
figuis65,Null
summerdolls,Null
cabavash,Null
stellez85,Null
tereessaag,Null
bachingon29,Null
josafat_f,Null
ulissesavila,Null
sidneylopez59,Null
rdavidteran,Null
lox_mon,0.3
captnogt,0.29
edgarg290994,0.28
reymaldonado,0.25
martebusquets,0.28
carlosegarra,0.26
osauri,0.25
edd_nara,0.22
atlantista62,0.13
rmty_14,Null
hg_chaires,0.37
jmgarco,0.18
sandrareynoso16,0.48
pandaferoce,0.33
alejand170690,0.36
tdelarroz,0.18
cesobanda,0.31
antarafashion,0.3
optvnoticias,0.52
thealondranator,0.35
lurkan,0.34
punkeyesis,0.33
salvadojr,0.49
ram13mtz,0.28
gabgomezcruz,0.54
miss_nadie,0.2
aem99,0.24
justarcangel,0.24
haloframe,0.32
daxmultimedios,0.11
nooeliaaa_,0.2
sofia_hc,0.22
actualidadrt,0.43
manuelescalera,0.31
karamrlox,0.25
javos1969,0.28
anamabelq,0.22
melo58,0.27
salomonmecenas,0.28
molasar,0.4
vozabiertamx,0.38
cizte,0.21
vvegac,0.28
ramc2014,0.39
pinchemayko,0.21
gustavquinox,Null
simonfers1,Null
tetellobrayan,0.56
lola_lolx,Null
oscar_yanos,Null
mireya_ros1,Null
marygarcias1,0.53
pulidomar1,Null
perez_onia,Null
samyescobar333,Null
villanueva_viky,Null
solivetesolis,Null
tonocardex12,Null
rojaslidys1,Null
rdzallyson,Null
rinconalex5,Null
olivamar_y,Null
mora_moyolas,Null
mejia_car1,Null
maru_farfan,Null
martinezaldo7,0.57
jamartur12,Null
barraleslucy,Null
antuluigi1,Null
fdzubaldo,Null
erick_lpza,0.53
castromary7,Null
gaboquiron,Null
camacholuz3,Null
garciagamate,Null
florandys1,Null
fannyslas,Null
espinokarlaz1,Null
darwin_yoelx,Null
cuco_matz,Null
cortezalva3,Null
corameric,0.55
castimado1,Null
cano_silvac,Null
beto_mtz33,Null
patybeltra1,Null
orsaenrique8,0.43
yadiruquis,Null
pqvia7,0.25
sanu_rit,0.4
zonoka,0.31
aranzachavezesc,0.1
bere_morrison,0.23
ruidoenlared,0.35
de_galvan,0.28
luizbl_graana,0.16
hectorrenemonte,0.25
aligire,0.29
pollytzin,0.37
israel380_800,0.37
eusoumonfil,0.16
babisaleen,0.16
lasrardz,0.4
wtorres254,0.21
mbruzele,0.25
eduardoblanes,0.28
alvaradolecoco,0.23
crisgar123,0.41
dragalicia,0.34
erikaave,0.54
gustavo0_luis,Null
keillyvela,Null
fabianacesa,0.39
carmenm91057666,0.34
aldoalberti,0.38
geojacobo17,0.43
hoylosangeles,0.44
areli_esp,0.18
dante_cortes,0.26
elssie83,0.3
htxn_,0.28
javzar054,0.39
marinoramir,0.49
lemg28,0.26
isradelik,0.17
mariapecadora,0.16
cannan493,0.3
hargudin,0.3
rolandomenchaca,0.25
efrenarguelles,0.36
alinajescobar,0.24
vinicidomi,0.46
karemsm10,Null
manupardes,0.45
orlandoag,0.39
n75oax,0.47
domedizabal,0.55
robgozero,Null
formato21grc,0.35
nanloru,0.41
abstrcth,Null
hiriduck,0.34
asisoy_yo1,0.53
danielazulgtb,0.27
juniordeloya,0.43
dil_gs,0.33
marielicx,0.21
malusoma,0.4
magoespina,0.17
eatz_mx,0.3
liiziitasexii,Null
metepec_,0.48
diegovalenz25,0.24
lalitamex,0.26
cynthixmvj,0.22
juanalbertorizo,0.35
elavisomagazine,0.23
ivankalderon,0.36
nadiagissel2,0.51
paulquirozr,0.53
jinjan010,0.39
maraliolvera,0.3
suevaldivia,0.31
manolin1,0.15
ianpoetico,0.21
jarandaluna,0.28
soyelgene,0.23
saulfoco,0.28
1r3p4ni,0.29
serpintado,0.19
morrisonortega,0.25
andyxdx,0.26
pajaropolitico,0.47
buzzfeed,0.49
patisantacruz,0.07
palmareando,0.28
miliocelori,0.33
alee_ariikado,0.3
clau_y_dita,0.58
trainer_adrian,0.23
gorjista,0.42
psynauta,0.3
alfaplus,0.36
rafa_cova,0.23
cesarcrak1234,0.46
josefo2011,0.22
adymorenom,0.35
oskardelaradio,0.31
kevinblack_17,0.29
chanchis1610,0.15
alfredoberber,0.41
elassote,0.31
joceyjam,0.15
vic14051998,0.43
gleztdaniel,0.39
antoniodegante,0.37
erikasaira,0.29
kiarahighroller,Null
conejitabca,0.2
daann55,0.36
asosa49,0.32
enloras13,0.43
dunklezauberin,0.18
farenheit_451_,0.52
olga194811,0.28
luisfabusonico,0.26
eltomeiro,0.33
juannov3067,0.38
jlumtzr71sosa,0.32
yram_vm,0.32
wulfuz,0.33
ma_maryol,0.35
tankgurrrl,0.17
erickabahena,0.27
dlasamericas,0.42
antoeroc,0.25
edgarseyme,0.37
lolitros,0.24
9uroart,0.19
thormex76,0.41
marroquindavid1,0.23
ramnayba,0.4
elicitizen,0.25
salvadorfloesp,0.41
gxramv,Null
sainttgee,0.13
bettynabus,Null
alexiabarriosg,Null
lpomx,Null
gineco_nozco,Null
davidgcalzada,Null
soylahijachica1,Null
seiscohe,Null
robavatardecaos,Null
afterpomos,Null
sandra_isole,Null
nagamboa,Null
peterdelfin,Null
ishtarcrow,0.15
mimopolitico,0.24
valezirvic,0.25
gabrielguzmanmx,0.28
arielmr24,0.3
vcastaneda96,Null
felicityjonse,0.17
naiie01,0.34
cheomx1,0.24
ponchonarv,0.03
yossopolar,0.39
pikkycaamal,0.41
charischi,Null
tijolin20,0.51
atandocabos1,0.43
alsama_3,0.4
sunlounger_vet,0.3
vkaradagian,0.23
morenatequix,0.28
tengofuero,0.33
amosanje,0.39
mexnewz,0.5
patriciomtz2012,0.61
goku_7_2015,0.37
0622margarita,0.41
nataliareynoso4,0.4
jlcervys,0.31
marcevzz,0.06
akino039,0.33
alv2859,0.43
vale_rod31,0.33
victorremis1,0.47
tony_vada,0.31
229almazan,0.55
zapeaz,0.3
erkafi,0.35
vipamlo,Null
chupiswilys,0.29
tzotzchoj,0.17
drakester_mtz,0.27
emelythemermaid,0.33
ebotello43,0.53
alecruz412,0.21
idekrista,0.19
littlebeezmo,0.17
perys_13,0.48
srodriguez65191,0.37
nosoytugata_,0.41
gaelgarciab,0.46
elasertivo_,0.5
queenanaliz,0.21
nicobama,Null
tlezihuatzin,0.2
portalhxq,0.37
mendezisael,0.36
bren_tristan,0.38
jorgeraful,0.19
mikeandersonmx,0.43
polititab,0.44
chehuevon,0.32
signalaout,0.28
gf13,0.27
auroratripp,0.22
yolandamiramon2,0.49
verodemedina24,0.3
vivirgdl,0.55
israelpv73,0.35
marthahisa,0.24
onedreamer_,0.19
albinot68,0.51
jacobo_zonana,0.36
israelmdz19,0.24
davinci_0018,0.28
etcheverrygol,0.35
gabyorhe1,0.26
brendina_swaggy,0.57
virgini2215,0.41
netacis,0.3
jes_yosoy,0.44
prensalyo,0.33
jhcc72,Null
10_soccerplayer,0.4
rulasyohc,0.24
lalitajapii,0.19
kovac1957,0.39
damaris12d,0.27
brandonmtz250,0.36
mcnioa,0.22
margari51394247,0.25
negativenancy31,0.31
alecztrujillo,0.26
imaxkt,0.16
68duran13,0.33
dulmonts15,Null
carlosm2305,0.25
bucaner0,0.5
ikermirllan,0.24
joelsbaeza,Null
jchristiaan,0.39
jucamuva,0.24
epadilla14,0.33
huguitosan17,0.37
judithcorm,0.32
claussauriazul,0.18
humbertocaslop,0.33
yoko_mike,0.36
gossipgirlmoncl,0.29
estebanzote,0.53
alang002,0.37
rafasmxp,0.22
nautonnierm,Null
blackmag_mx,0.39
diariodetijuana,0.43
jukaroi,0.54
diario_victoria,0.33
ronymanronzone,0.44
chuycano_,0.29
epenagose,0.44
natgas_gnv,0.32
piraztec,0.27
rayadodecorazon,0.32
jarnazz,0.26
docjcleon,0.32
noepolledo,0.27
vianeyhp07,0.44
chekoluga,Null
nncmx,0.66
armancaz,0.17
pedrocruzvaz,0.26
peatondelsur,0.38
anakel_93,0.15
twerkfortwerk,0.18
mcazarez_,Null
vallejo7423,0.26
victoracruzr,0.38
nichessita,0.18
isetboysonfire,Null
guerrerojauguar,Null
dragon_raiden,0.35
alxamoro,0.44
perivil,0.37
ferrams,0.26
biacepercy,0.32
teferefe21,0.21
rommygalvan,0.25
alexandroaz,0.14
mik3litomouse,0.38
ecinue31,0.24
vargasitzel74,0.36
majogasconn,0.17
urponge,0.28
teoterrago,0.3
gresendis1002,0.33
_adyydoll,0.1
cheliramirez,0.22
javicalderonver,0.25
nayetm4,0.28
jesusgonzaleza1,0.14
parcear,0.3
cubabaraja,0.11
mberue,0.04
lalodok,0.25
borrerubio,0.19
grinchmisantrop,0.2
capitanrazo,0.3
toto_genius,0.4
maguetho,0.2
parientao,0.13
somoslaturbamx,0.45
earagam,Null
nomadaiki,0.31
jjesussv,0.45
donnyrmzm,0.39
lorenadrabble,0.63
yo_soy_vlady,Null
arturodaen,0.25
elquirri,0.28
agamenon88,0.3
certf,0.21
jesus_amezquita,0.41
0marsaurio,Null
patriciamndez19,0.43
arturopachofo1,0.34
lizy20101974,0.4
oaparallax,0.56
gonesgiri,Null
germnhernndez16,0.32
noaajerez,0.63
jjaenclau,0.62
valeehijar,0.6
linnaers,0.68
tinaffirgas,0.6
scharlottev,0.58
carlosmun90,0.35
petruchkak,0.64
danyyfraga,0.53
cchoffis,Null
albaiirun,Null
amador_esp_mex,Null
rayner113,Null
rko_granados,Null
fermitz,Null
maroch199,Null
vxlramos,Null
dragoncanaya,Null
9b897ba363bb45c,Null
packomoranm,Null
zoruak12,Null
lizmucinotellez,Null
licjoseantonio,Null
crybabyxlml,Null
votante2012mex,Null
racology,Null
edipuma1,Null
apache1502,Null
omnicrjiiv8hmjz,Null
informativopart,Null
pakog73,Null
ajolote21,Null
craomm,Null
zeltzin_sahad,Null
monita2084,Null
crtanony,Null
laydasansores,0.52
kistian_garcia,Null
mayrizcess,0.25
prensamomento,0.44
gutygutierrezb,0.45
adrianubela,0.3
jorgehe75375545,0.39
holacarlosf,0.31
galvndonaji,0.17
thebrownboy100,0.58
eljeringasloko,0.26
yantzin,0.29
pacobetancourt,0.36
heyitszareth,0.39
hect0r_f,0.08
dulcinaparra,0.32
altavoznoticias,0.34
munchkinlango,0.29
alejandroatlas9,Null
mariiiaochoa,0.1975
geovannyrm1,0.19
ingridcn,0.25
pancakehunterr,0.24
jorge2702,0.33
gmuro,0.35
hectorastudillo,0.4
leslycarrilloo,0.19
addygalindo,0.36
natalyp189,0.47
rubengomezcasas,0.32
m_pantoja1,0.24
hdezhernandezve,0.28
canulgarrido,0.24
yess_dell,0.3
binifasios,0.24
megalopolis_mx,0.46
zamora_cue,0.26
ricardomonrealp,0.26
acdir23,0.28
slim100181,0.48
jorgeeromo,0.47
cariosrdz,0.21
francalvarez,0.4
encomentario830,0.33
angelazul69,0.33
chivasluis1214,0.37
aybcabrera,0.15
r2d21979,0.44
monigoterimon,0.23
glamourivonne,0.39
ntelevisa_com,0.42
neoperla,0.32
mcastillo2325,0.52
tacholadrillo,0.52
rey_luisgarcia,0.33
fafufamafufa,0.31
tonytacacci,0.23
aurokill,0.15
rubiced,0.17
sonriks4,0.34
tylerpreston20,0.29
jayy7u7r,0.36
luziurbiola,0.28
amerikaamore,Null
carlos_preciado,0.31
aniguti82,0.28
supermegamemes,0.39
zezzlob,0.33
bopeval72,0.33
mariadejesusbor,0.53
journalistruth,0.27
qrrmilenio,0.29
karlicas,0.11
pacassoc,0.32
gojcs,0.22
duelesmexico,0.34
gothmami,0.32
orodoradovi,0.18
xbadlxndz,0.58
chaka_210,0.27
issela_ren,0.42
norobotuitsss,Null
marco_izozorbe,0.22
solecito_gar,0.35
alxelder,0.25
ezequielgasca17,0.37
vocesdiario,0.47
egobiernoytp,0.3
elpalisjp,0.26
oscar_froylan,0.39
runkymondragon,0.21
pscbm1,0.32
tripiouno,0.33
therealnickgtz,0.17
unatallauraa,0.24
robertodimas86,0.41
luchafanboy,0.23
chairomexicano,0.24
desde_izquierda,0.37
virhycp,0.38
angel_ige,0.4
israelvita,0.16
paty_urbinaz,0.21
irmagloriah,0.55
yamilet_samo,0.21
oncocyto,0.38
elesiiiii,0.41
2000sa1,0.42
ale_pulido1,0.26
marisa_cammen,Null
sergio_garcia9,0.37
orosolidoredes,0.44
navarys2,0.47
desinmaravalos,0.33
verdhugo_zen,0.24
javiertor13,0.31
zoomdigitaltv,0.51
andreaescalan13,0.26
pepesua,0.26
davitsonsv,0.32
elijurad,0.16
gisseiiee,0.33
freymur_diazm,0.24
spreadlovenow96,0.29
vrbeltran,0.12
lolusanz,0.12
cynthia_lopezg,0.24
paspelayo,0.41
julinhorne,0.46
gualogarcia,0.31
guillesosa9,Null
cesar10torres03,0.34
adamgelio,0.33
tiberagos,0.42
drgaruga,0.25
vic_cfc,0.24
polivoz_1216,0.39
mdlagunamx,0.34
celetamian,0.53
eduardopsico,0.21
xoxobeuty,0.24
dayli21,0.14
rod_mucino,Null
rogeferraz,Null
magritep,Null
franciasanova,Null
principitobipo,Null
andrebernal26,Null
st_roberto,Null
cavagnarojorge,Null
josecolinap,Null
cesgarcia12,Null
angelodho,Null
ildebrandoruiz,Null
taniaramos2031,Null
normitafierr,Null
fermiopez,Null
insuadiego,Null
antiannunaki,Null
ricardo_bringas,Null
cadenapolitica,Null
sanchezpompa,Null
georgesbriand,0.15
marjaima,0.26
analvaredo,0.44
daminasal,0.38
susansoer,0.45
sonnyvoice,0.29
ediflawers,0.13
avilesivh,0.39
abogadodesonora,Null
juafra1,0.38
sintesisuaemex,0.12
emanuelalba,0.3
silsiles12,0.34
lahoio,0.4
estradaomaredwi,0.2
sylviasoll,0.26
lizrb_26,0.43
tavopetof,Null
leobatallas,0.33
hpaloko,0.38
samoempalador,0.33
2ne1isfourever,0.53
aloh_h,0.33
tuiteocuiero,0.24
jaguevaraf,0.39
awenin,0.21
arnoldohersan,0.69
pacobionic,0.27
christuuh_,Null
uriel_rodriguez,Null
derkrank,Null
joshrococo,Null
solangealberca,Null
ibetoon,Null
fuckjohnobrien,Null
e__800,Null
xxmahrium,Null
gabyborger,Null
mirandacocoa,Null
moka_ki,Null
henrycp1982,Null
jaimetrejo,Null
teammesaa,Null
tanetita,Null
tzoricua,Null
union_de,Null
garciaromero_,Null
guerrareyr,Null
roberto91600188,Null
luisdolvera,Null
gfloresa7,Null
magda_bastida,Null
vyctorgomeztv,Null
cesia_fania,Null
alexruiiz,Null
arlemus,Null
ojosdegitana17,Null
antver1137,Null
espinoza_jose16,Null
alyssa00_mg,Null
elioangelis,Null
gioph83,Null
jantoniomarin,Null
carlosdav1d,0.36
luismbus,0.5
wilywolf,0.4
yairlara,0.25
glory_mx,0.39
junior_blanco,0.14
nilsonliscano,0.61
informabtl,0.5
___lyb,0.15
miguelangeltec,0.37
nao_cuak,0.35
01ajsm,0.18
gaybal63,0.42
ssp_cdmx,0.41
kmontenegro,0.28
fluffyclouds817,Null
nellpadawan,0.18
indoxa,0.49
aquisiclaudia,0.25
mar_498,0.56
sr_placercdmx,Null
dezlactozada,0.29
sandy_tala,0.25
caricaturaspara,0.22
senderistafuert,0.35
_frasesdecine,0.7
chivafuentes,0.45
alaninho11,0.15
alanxcore,0.18
saulalejandrogm,0.35
policialavoz,0.35
dfsalerosa,0.27
erivictoria92,0.35
adrianaetelesur,0.46
dragonenpelotas,0.27
n_rachel,0.15
edgarhoobs,0.17
s3xy_ricky69,0.14
gruasgin,0.3
mercadotlalpan,0.54
quintopodernews,0.37
gaboescobedo1,0.34
jstoscano1,0.33
ednafuher,0.13
amadorgab,0.21
tvmezquital,0.29
santinojoker,0.47
rickdjmx,0.35
sebastiagl,0.36
soychivigon,0.19
karina_rosarioo,0.25
gpulidog,0.28
danae_pedroza,0.26
ricardodicapri1,0.38
b_alondraa,0.18
jaguar_01,0.33
lizmulu,0.27
xfili360,0.32
yugyuhmm,Null
mariahe43411825,0.54
marvind08,0.32
xuyuanze,0.27
tonni_zaa,Null
esmegii,0.27
coronasec,0.34
psipuedes,0.51
lupitasagi,0.55
vicrodc,0.17
facunda08,0.37
ricardoo_lopez,0.14
gabosan75,0.2
huicho_c,0.14
polnegrete,0.28
atirdnas,0.51
innerelpendejo,Null
gandaramigue,0.17
eloyloera,0.37
payaso_oficial,0.43
sadarrab,0.2
anelita76,0.16
chelsyfdez,0.34
yenirojas,0.3
softsmolsam,0.4
josevaldez3,0.37
danielmaresq,0.18
hauterr,0.35
camilacamila77,0.26
club_america__,0.3
damiandianna,Null
danynupa,0.4
splderboy,0.23
hanamilila,0.28
xo_micahh,0.19
ramirezvanny,Null
lucero_mendiaz,0.08
leothebardo,0.17
argof2,Null
profhugo38,0.4
jroberto_jimene,Null
oscarhumb,0.35
sergiosaldanaz,0.46
kcedano,0.25
crearfuturos,0.36
luuuisss,0.23
pelongomis,0.35
supertommytommy,0.35
vergara_caren,Null
erikac__,0.18
yoselineperez22,0.33
carlosa44160454,0.61
gdl_sexy,0.51
princessskimmy_,0.43
javiralcla,0.27
365daysofjackie,0.22
cuevasnelly,0.33
superdanni23,0.45
alvaro_r,0.31
gabycdmx,0.42
jesuscarnalla,0.3
nacion321,0.4
cafp_13,0.33
mitchfanmexico,0.19
diariobasta,0.4
danielaalbada,0.32
4wheelshop4x4,0.41
marcopacks1,0.04
moonroseb,0.38
erickpua13,0.33
luluciernaga,0.44
magomcfly,Null
josso12,0.2
p_millennial,0.68
marta_jalu1,0.18
gilbertolozanog,0.3
xeduardoaux,0.14
humbertozamorar,0.52
carant_d,0.42
solis201710,0.41
bosston_1,0.24
deyaaaniraa,0.29
blancamndez8,0.28
aaron_segoviano,0.34
reydelretweett,0.44
ismael8011,0.4
walmart,0.66
harleenperrie,0.5714594686359393
agustinlotr,0.14
luisdiazmontiel,0.19
pueblodexoco,0.41
rafaelhelders,0.18
luisarellano21,0.46
alfredoaguirre,0.35
aaliciatorres,0.15
salvadordelrio9,0.39
jensonarlyne,Null
iusfierro,0.09
deniseanzures1,0.27
isracore10,0.32
hugoohb,0.41
miikepadglez,0.34
oftherose15,0.17
taxivampy,0.36
francely3,0.19
fco_garca,0.38
ferrandocherie,Null
hunterxgreed,Null
mau_alvrado,0.21
primera_hora,0.6
lavetteartero,Null
richocalderon,0.18
ahlgator,Null
msila1,0.43
emxvly,0.21
jacklyn52675748,Null
schlaterjan,Null
palabritadepape,0.3
saboteamos,0.45
herrerabogado,0.1
jenellgreenber1,Null
petrus74,0.14
ibth0930,0.46
bonnytahc,0.19
juan_mart97,0.38
brandongringo1,0.56
valeriabenick,Null
joseroberto_rdz,0.38
elanordevine,Null
montseb16,Null
cristinodistar,0.36
_surtidorico,0.31
carlojarquinm56,0.44
karliutzzz,0.35
genarojurezram1,0.61
rizzardinidaria,Null
tususpirodeluna,0.28
juces19,0.34
o2autocomparte,0.45
mando_7,0.23
weyheyvictoria,0.08
eriiqaelizaldee,0.3
villasenordelvi,0.5
seanbarrios5,0.43
castlegdm,0.23
mapily12,Null
silkfennec,Null
bermudezphoto,Null
urbanitas,Null
ras_danilinho,Null
gratto_leonida,Null
danielitolpz,Null
hestergoncalve1,Null
cesarcnc,Null
lrendon80,Null
mrafa_jp,Null
enanin_v,Null
nicozarurmina,Null
martin_arista,Null
emsalo999,Null
rtsoloalapop,Null
realhomie4life,Null
rafaelvargasher,Null
fergrito,Null
licanimalista,Null
gabylolis,Null
rocochioo,0.37
rebekacevedo,0.21
tonyrztorres,Null
bellafamalett,0.1
kismetmatn,0.36
kmunro77,0.4
stephrrri,0.3
adrian_xaneqito,0.4
juliocsrmtzb,0.16
cristiandize,0.17
cassialcaraz,0.14
pp_cortes,0.31
jishwala,0.34
fcocastillo13,0.42
anxelkorvin,0.35
elvigilantemx,0.39
enjoythesouls,0.28
alvamo78,0.27
saavedra2814,0.21
cicigonzzalezz,Null
thrash_crystal,0.25
little_raider,0.38
wurpelmarva,Null
pftpyuc,0.41
mobinja,0.42
fantasmason,0.27
helenagreen1871,Null
kitoaji,0.28
ichbinirving,0.19
alfredovarelag,0.4
karencervantez,0.23
jorgebarro,0.2
cris24677594,Null
noticias_poder,0.45
e_municipios,0.56
laraautos,0.37
turner1752,Null
antonyllamas,0.24
sportanosdxt,0.5
myriamcastaned1,0.04
pamellllaaaa_,0.18
rayitogr,0.31
_pantojapena,0.24
san_sequito,0.24
clauslna,0.18
luis_sordo_1984,0.39
_el_chafa,0.28
lllllleooo,Null
_oye_beto,Null
lorecowl,Null
omm72,0.27
liane_taft,Null
twisted_collett,Null
eddisdead,0.27
christian_lara3,0.31
parksunyounqs,Null
rusbelrusdt,0.43
misshollander,0.42
numaelane,Null
omarrojasmx,0.48
nattycs501,0.33
chetofer,0.14
janet_cas,0.37
elliothelion,Null
alexbojalil,0.4
eduard0o17,0.3
totozur,0.15
alberto_santos,0.38
crystaalina,Null
xrh43,0.24
franmx,0.25
rafitamore05,0.33
omarcito78_ca,0.39
luzdeluna5,0.29
rmplz592,Null
jose_zubi87,0.3
beckiichompiras,Null
sowui,0.42
rojoazui_,Null
estopidup,0.29
vampipe,0.26
foley3113,0.29
janmacavi,0.11
t1434,0.3
darioyerry,0.41
reganjerlene,Null
tita_rodrigu,0.37
kodadiana,0.31
omarvazqzz,0.31
abueloroldo,0.34
kiakiadavis1656,Null
maylethfonseca,0.16
ashtrayboymty,Null
marlu028,0.53
compitadaniel,0.38
seven_ej,0.32
alex_dimendez,0.32
anjammaz29215v,Null
pastorejalisa,Null
swaneyayana,0.37
edmcarlos_,0.13
evelerz,0.23
dany120609,0.3
alishacarney102,Null
adieubryana,0.07
danalexl,0.26
cafrealvolante,0.34
newbornbrenna,Null
endonio,0.36
askenazidavid,0.18
roberthm55,0.32
betts2934,0.4
tomikoheissat,Null
timothygutier13,0.35
jp_santillan,0.21
gerardcoen,0.27
ommartin,0.33
aldo_vich,0.17
ovhs91_92,0.28
gambeteromx,0.12
jektort,0.27
webreporte,0.26
whartonmario,Null
mckeithanmarnie,Null
raul_obando16,0.4
millieeddings,Null
baudoin_wenona,Null
jeromeguitton,0.3
eloymonter,0.26
mickyantrax,0.33
chrystalpascuc2,Null
lalorg_,0.26
adgonr,0.29
lrubiof,0.36
rittel_winnie,Null
alejandr04ss,0.45
javierrueda,0.28
maritereyesnav,0.46
zsuzsa2402,0.62
juliennemclaug6,Null
primeravistamid,0.48
schmausberenice,Null
loureybu2,0.43
yo_boss_,0.27
ofmicenmonsters,0.29
mahaendschke,Null
soyjavana,0.31
nerinamir,0.39
locutus57,0.44
annafrasier1686,Null
brittany_dragon,Null
afloresramirez,0.44
gabriel_peele,Null
kai_tianna97,0.31
ppglzr,0.25
daily_karry,Null
papelrevolucion,0.38
guerreroprime,0.28
joelgarciagar18,0.57
samuelsdonella,Null
gsosah,0.27
almahernandez72,0.51
kimkimmuniz373,Null
patobielma,0.24
elwandaparisot3,Null
tanakaotelia,Null
itzel_itzys,0.2
laelviraa,0.26
ctznofmars,0.19
ms_downtomars,0.19
divaauriazul,0.12
sabinaberman,0.33
sachakadian,Null
soca95,0.37
dh_76,0.38
lonewolfghost,0.3
geryhuesca,0.26
stites1988,Null
pacomnr,Null
sophievis,0.23
artmarius2,0.63
taliabonilla_,Null
seayrobbyn,Null
stebykyla,Null
jesusovv,0.53
shanellesokols2,Null
ivalmal,0.2
brunobettyann,Null
mizquiyahuala,0.8
hugodsdla,0.34
gilberthvillan1,0.34
yxudoigeh9,0.47
iraarenson,Null
alaynabaird2941,Null
jonnalindsay152,Null
alanmagibert,0.46
be_r2,0.22
ngelbr,Null
hatsuminonaka,0.31
chochos,0.41
steckchante,Null
ruidosurbanos,0.31
reyna64109996,0.51
lisaandrews2401,Null
aldoblacer,0.26
ojedas94,0.26
eduardotrelles,0.31
clubnecaxa,0.32
missjeansimport,0.4
schwenk_tammie,Null
charlasanchez52,0.33
adriane197,0.31
reyeslourdes,0.32
unomasmamon,0.28
akiremitre,0.24
subiastorres,0.27
abraham_stereo,0.1
aracontt,0.12
dianisretro,0.3
pamsiggy,0.33
krloswoolf,0.12
jabamexico,0.54
alexiavazquezmx,0.34
senador_virtual,0.31
nancidawes,Null
eriksenalishia,Null
analaurasgw,0.29
jasonpalomino12,Null
aguajito10,0.31
ale_hl76,0.3
sandra_ascani,Null
kaelahogan,0.27
arely83hg,0.35
berthamoore4141,Null
alegtz_p,0.31
tirzaduarte,0.54
putarriquena,0.21
raul_anguiano_,0.37
luzsantuario,0.44
epica_tragedia,0.37
benllyprice,0.28
lieselotterous1,Null
poulos_latrice,Null
jenny__quiroga,Null
meldacowley,Null
pettycordkarrie,0.32
dopeysvprstr,Null
rolandpaz,0.34
aino_mutku,0.29
osc92osc,0.33
angelia_mcgill,Null
_110102,0.24
rojinav,0.29
raymondeschmau1,Null
cassondralee112,Null
cruzli,0.32
15xaxo,0.34
enriqueariasj,0.43
tabacaleramx,0.43
mrgeekcharming,0.26
adriangonzaaaa,0.21
muskanjohal,0.24
vanewanee,Null
betatrixv,0.36
maryleefromson,Null
igrasgemma,Null
yochanfg,0.25
arenteriamedina,0.3
aracelyhardin24,Null
comitechamizal,0.35
mr_vivayolo,0.43
hpa1906,0.18
iris4ever4,0.28
oscargescorp,0.7485714285714287
marisanne__,0.14
pansy_hernandez,Null
s_margene,Null
franlunar,0.32
dianahoranstoff,0.37
adriannacosta12,Null
javi_serra1,0.36
elohelsa,0.14
gigimoncas,Null
bao_ochi,Null
nytsia_,0.09
nicomeza2011,0.37
shaow20061984,0.32
_torresvera_,0.36
azacapullo,0.3
adritey,0.25
antonioguerre,0.25
alreyesr,0.38
qrrtv,0.65
dabbasclarissa,Null
drgc11,0.33
wolfe_jeanie,Null
josjayme,0.36
romatown,0.34
lovrega,0.35
karen_castavel,0.35
carylpieraccin1,Null
rcfiscal,0.36
kaligraden,0.38
shelbaapolloni1,Null
chinotiger,0.22
el_viejopaulino,0.44876190476190475
elwanda_st,Null
anjuly_chavez,Null
penniebell1610,Null
candeochoaa,0.36
timikaperdomo,Null
mamarlen,0.4
georgianngrant4,Null
badgalmariana,0.24
witchyywomann,0.2
esajoshe,0.33
mattsroger,Null
ilamorrison9671,Null
luisbremer,0.37
enrique_mtzv,0.37
moons_erick,0.21
mendezguardado,0.36
akimoto1352,Null
denisemeadeg,0.23
writeroteliadal,Null
morelosleon,0.27
jemp1983,0.48
olakiguchi,Null
sal_mendieta,0.35
dansiecassandra,Null
janeeneisensch2,Null
bialikover,0.26
trabbucles,0.26
enelobservador,0.39
ordekhoms_peter,0.33
filiorocks,0.17
disanmx,0.37
azulmealejo,0.38
ericksanchezco1,0.3
hanchola_,0.14
mloyolaluis,0.3
gafi13,0.3
jeremass,0.4
omachristel83,Null
deedeepayne2099,Null
arriaga_breton,0.52
marykraven,0.26
lira_kika,0.41
sibley_terrell,Null
kaiv76,0.41
guelasio,0.3
thomasinebutter,Null
gwynethbrockhu3,Null
invensiblexsiem,0.44
reygomeztlsur,0.46
margaritafeliz2,0.27
lermobriana,Null
isabelp72726140,Null
marenroy2778,Null
adychato,0.29
lovelylupitaaaa,0.14
anuarlh,0.24
olerodi_,0.14
doriaberisko,Null
williamcasal222,Null
iamflyrock,0.25
vxflores,Null
rosarionena15,0.26
oficial_ame,0.32
luiss_ongay,Null
su_chan_21,0.28
mariooramas1,0.42
gnietoarreola,0.24
morehuelva,0.3
13amada,0.41
nitr0usmx,0.31
christy_startt,Null
valenzanoalona,Null
ritmobonobo,0.29
faeliria,0.16
diegolgdrms,0.21
ginagranb,0.26
vztiray,0.11
nuwuanda5,0.32
wanettasinger,Null
ursulacloe,Null
elenagarro,0.23
rubs_are,0.27
lorenasoc43,0.21
arturonio3,0.21
koselhue,Null
blake_tiera,Null
faire_emmy,Null
arie_selbach,Null
fkajonny,0.31
3r1ng,0.25
jcuevasm72,0.37
friendcarlota,Null
reyes_gutierr,0.42
stelli_carmel,Null
danypayzer,Null
valeriaberenic7,0.19
shinwilliams262,Null
catherncrook223,Null
batinoticias,0.49
katieeeh22,0.27
lei_kstelao,Null
christhianluna,0.28
janeouou,0.09
kinsey_carolyn,Null
isaacihr,0.24
ivansito87,0.22
malissa_struble,Null
chimoltrufiaa,0.35
leesaschonfruc2,Null
sumendel2322,Null
juanito2080,0.2
carolynnmoreno5,Null
lianedavies2212,Null
marlyncallahan3,Null
yayels,0.09
cobrax,0.2
mottram_luise,Null
charolettecapp3,Null
roxisgoandgo,0.43
rowenaobrien241,Null
herminia_nemeth,Null
diegoromher3,0.12
kbbf_radio,0.47
killer74837119,0.46
monomonky,0.34
jorge420__,0.28
jenniferclerfe2,Null
jose_broca,0.35
luis_rh1,0.39
saulrdgz19,0.2
betoal1976,0.29
sofiaaamr,Null
ruthannekraiger,Null
adrian_hades,0.36
carolinnanase,Null
armandare,0.1
pattiemonferini,Null
fernandonoel118,Null
hemphill_regina,Null
rastux,0.49
karen_smallddc,0.29
paulson_shonda,Null
patyhdza,0.42
shylabradley281,Null
allexarodriguez,0.31
reformanacional,0.39
reforma,0.52
svalenz,0.15
migdaliahoerch3,Null
27_11breendaa,0.14
too_coffee,0.34
nath_izambard,0.15
me_dicentris,0.2
petergzz2,0.32
ivanfabela7,0.22
vecinosvanzures,0.38
arqacornejo,0.22
rob_marchando,0.22
xcviiimoliz,0.11
jimnez_lau,0.36
cybertroncentro,0.29
laurivme,0.34
kelseyyoncee,0.45
fedder2309,0.1
redfield50,0.22
alfredo1920,0.48
carloshdezh,0.5
mondragonyomali,0.2
juanzepeda_,0.33
eduardo_ll13,0.4
will721225,0.33
tristanjairo,0.47
isupermansito,0.47
kaseyjeanpaul,Null
piper_ram,Null
rodolfo41959,0.3
sammoraross,0.32
franciscopayan4,0.26
nelsonandrestam,0.39
princesleah_a,0.19
vmartinz71,0.25
nemesisdivina01,0.19
erosrafh,0.43
victormoran86,0.2
lurafann,Null
fuenteconfiabl,0.29
geektrainee,0.24
fernandeznorona,0.3
cnnee,0.35
soyfdelrincon,0.47
yvonnnnaaa,0.33
gerardodiaz_h,0.36
nayabrijena,0.31
guapopilot007,0.31
fuegoblanco68,0.14
roy_genie,Null
riafowler1422,Null
rolandocortes,0.43
desslia82,0.29
bykaru,0.16
hernanarista,0.22
presidenciamx,0.24
bekyrs,0.47
rulyros,0.66
tonishapage,Null
oplnoticias,0.42
trtldk,0.21
jgon_calves,0.37
reforma2006,0.48
licjosemocampo,0.34
doloresulloa,0.29
yulisakaret,0.28
belzakien,0.21
gatobscuro,0.27
peters_trojan,Null
sergiomzleon,0.17
lupitarcos,0.3
recddie,0.43
laurelrulo69,Null
quinneyava,Null
villaloboss_m,Null
revueltasmanuel,0.27
cdjlvv,0.28
juanbriseog3,0.43
nepuamuseno,0.37
coronajulio,0.13
gopa7805,0.36
juan_jhl,0.69
rominamasallach,0.55
apexbrasil,0.44
imagenagro,0.36
miyokodiaz19971,Null
rafaelf19674338,0.51
cesc_cgonzalez,0.1
angelhdzg,0.47
fmc24__,0.25
monti_64,0.21
macaco2420,0.41
infolliteras,0.35
comunidad_exc,0.37
unatalpamm,0.36
rubenvamos,0.37
aldocondea,0.29
herrerakarla29,0.12
dianacorpus3,0.36
micho_champ,0.18
alets_m,0.29
mynii,0.24
marthasmejias,0.23
___sxfia,Null
hellfuckingula,0.46
merarygrey,0.27
anaanacitlalli,0.27
malditawarrior,0.36
luisamahu,0.56
jorge_ramirez_s,0.3
granalburero,0.25
communistkxtten,Null
quelesdenforte,0.3
luisunamrebel,0.4
mendivilcrystal,0.36
miriamscully119,0.35
asaelcordova,0.34
_rodolfovalpri,0.34
hinatakonan,0.27
bravoivann,0.31
bob_dre,0.24
chidonepapaliux,0.17
kikesma,0.62
edgargarcam,0.42
jetbt,0.13
julioperezbpc,0.31
emm_dj,0.18
alex_elleon10,Null
mayelahdez,0.38
ma_olveramaciel,0.32
gerax18,0.34
mafherht,0.14
zoortekhdz,0.37
unonoticias,0.45
agusrocko,0.25
jorgelspmty,0.34
shinjjho,0.33
sandysumundo,0.32
wtfvcc,0.19
spinettape,0.62
marinelamx,0.45
x_xjeffx_x,Null
aryamidala,0.28
imbofido,0.21
pacorisf,0.4
merockmiro,0.22
oscarl,0.33
mariareyesfox,0.38
batsaid,0.33
missgabby_j,0.19
petrinob,0.37
zaraprincesa,0.19
lorito290379,0.41
vcbliki,0.37
cindyrevolucion,0.62
enriquebaezm,0.28
luciarivadeneyr,0.31
misaeltopillo,0.27
omarzz_z,0.44
pattyricia77,0.39
concamin,0.35
ateneausher,0.48
hecveral,0.24
olivernavarro17,0.56
votanteenojado,0.32
_evaax0,Null
uriel_delaso,0.23
hermografia,0.36
guroscuro,0.32
erick_silveyra,0.13
softbeom,0.41
englishgolin,0.31
alfredo2991,0.39
rodrigorivasu,0.27
juditguerrerol,0.35
monicasotoe,0.28
vicky_felher,0.47
rvidalc76,0.32
malvarezvargas,0.38
aniuxas7,0.27
claudia_marriol,0.31
jcblancoc4,0.32
rafael_lulet,0.43
johnedward024,0.23
11siti,Null
m03kk5,0.49
napoleon_mex,0.59
rodisland_69,0.5
kainoaxx,Null
betortitamota,0.3
br0ken_wlngs,0.18
waia21,0.25
veroramran,0.29
el_chak,0.22
luis_javier_bs,Null
monabothelo,0.32
uniondemorelos,0.39
gercogh,0.26
wendy_turtle,0.33
kolia25,0.43
palhomo,0.25
laluiara,0.36
letybarajas1,0.38
lesliee__m,0.13
kiiljackson,Null
mgrismedia,0.35
broker_dtalento,Null
merca20,0.49
christiantorre,0.19
grupoazulreflex,0.48
mayara_fgr,0.22
cosasdepatos,0.07
barvip90,0.17
norbelgarcia,0.31
profeco,0.3
alan_tell,0.22
jessrold03,0.17
isabel_rojass,0.39
fenomeno__17,Null
loredesigner,0.57
kariinavzgr,0.38
austingarcia,0.25
paugred,0.42
dameveinte,0.19
chivismini,0.22
skazydavid,0.28
informador_jal,0.28
marcrizt,0.13
memescoahuila,0.39
meli_yobitch,0.16
yaestabadedios,0.27
rottguailer,Null
fredyregio,0.21
uriel_gt,0.33
siqueretaro,0.5
ca_jonguitud,Null
alan_chiva,0.3
lolo2203,0.39
maecotol,0.37
lobillo_feroz,0.26
nadgarcia20,0.33
marchfelix,0.14
mafreganda,0.29
kuinikle,0.22
reyes_ins,0.54
amandaruizmz,0.29
gotsevenrise,Null
marimaldonado3,0.32
jefepanda,0.15
erickandrademtz,0.26
patatito,0.21
morenocamila31,0.3
puma184,0.48
paredesmejia1,0.48
rafalicemore,0.15
gregsalgado,0.28
kikodelach,0.31
alegomezmx,0.24
hugoemerson,0.35
ankelindiaz,0.22
ojocafe33,0.35
bnorzaga,0.28
virgotuan,Null
kevynhanson,0.24
rosa9501,0.46
veneminskca,0.56
malacosa81,0.32
chefozaragoza,0.29
jerrxg13,0.34
ivalle20,0.42
buenaventura24,0.25
tresmonossabios,0.56
prd_aldfmx,0.31
mosko_saa,0.39
radiowera,0.31
wradiomexico,0.47
edelmiro_gomez,0.18
braucruze,0.06
leomarkarov,0.29
diguemno,0.3
alejo_mgt,0.39
anzuza,0.42
caarlos_soosa,0.08
swich2017,0.54
costilla,0.46
angel_c_ocejo,0.55
vrubix,0.32
_iggsterrr,0.25
nornilandia,0.53
cabrera_julioc,0.38
deibyjulianramo,0.17
yonfen,0.16
jeujavier,0.25
bria_naaa,0.32
arguilez,0.26
uszelpoe,0.39
lordpenetreitor,0.26
jovasg,0.37
ymieryteran,0.54
fvckogshiad,0.45
beaglesyeah,0.31
abogadocortes,0.45
satmx,0.38
desautomatas,0.19
jhtavera,0.34
panjaloficial,0.32
arirage,0.39
ssaludchih,0.4
ezepedan,0.24
arlettefarina,0.34
reyesmireya,0.3
jlaz_13,0.07
franciscoriva14,0.28
ldgferkos,0.34
ragde96,Null
vek2000jose,0.44
omarmaldonadoc,0.2
andreag61987264,0.53
yooo_selin,0.23
carrasco_yasmin,0.12
elrooesporrocio,0.17
escofetalbert,0.33
free2017cdmx,0.57
stephania_98tm,0.39
donalexramirez,0.13
hi_g_h,0.21
viri_md,0.26
gloriagarzaiba,0.28
maiklaguna,0.52
novedadesaca,0.3
noah185fnoah,0.36
iomera,0.26
erikayuli,0.49
spitcreekranch,0.53
ramirezclaudia_,0.26
fpgusanito,0.2
argelouski,0.19
bgalva_bgalva,0.19
lilianaloaeza,0.18
bonoman_,0.28
shortie_g_,0.2
vegdelanoche,0.19
aleximenez,0.36
yak3001,0.46
monica_campbell,0.32
huishte,0.36
rochan41,0.47
evodiovelazquez,0.39
cadarodna,0.3
choihyojngs,Null
worldwidefiend,0.18
javbeltran2011,0.21
queseryto,0.3
frenagasolinazo,0.35
ulises_jo,0.39
cynthia2814,0.14
mezarjose,0.35
oneangryhippie_,Null
joslacosta,0.44
diana_zero,0.19
gerblavin,0.26
mechasvolador,0.23
lacronica_dep,0.29
elimparcial_dep,0.45
pst_jose,0.52
_pequeee,0.25
fronterasandieg,0.51
lisansar,0.43
luz_educativa46,0.33
frexmar,0.3
fronteraensenad,0.6
oserrano97,0.14
lacronicacom,0.37
charlysanis,0.37
epiro6,0.33
eliseojaneiro,0.25
mrlovboy,0.27
chekomxn,0.27
brinquiitos,0.25
macgmx_,0.3
rodrigohdzmtz,0.44
ejaviergwong,0.38
marianitamagma,0.38
abraham541014,0.38
lupitacriollo,0.09
alexczsmx,0.34
woofpackmx,0.41
vjardon,0.39
adibahdez,0.23
dlstricthomme,0.45
eosorioarmenta,0.42
palmixers,0.34
ecthorek,0.22
negociosimagen,0.36
gonza_209,0.19
el_campos,0.23
jubilados,0.25
eduardo_gomez_9,Null
foro_tv,0.34
totoherg,0.36
promehernandez,0.27
aleneromx,0.27
kaisergio23,0.34
silva_bekor,0.3
profenl,0.37
gpalomo6,0.45
chrnglz,0.28
yenetry,0.33
robertosepulve1,0.34
mars_tbk,0.31
youngelmer,Null
gromit___,0.25
margaretsbelly,0.35
tereborjas,0.15
davaosa,0.36
jaqeeliine2914,0.38
yoltzin510_,0.25
pamenrodrigrez,0.55
jeglemqz,0.14
macarencomorey1,0.22
jhuniarc,0.23
miguelon90,0.24
rcrsamuel,0.18
giselabuar,0.38
tribunasl,0.52
aar_mena,0.36
lajornada,0.32
don_chivo,0.32
luisvera1260,0.45
rquevedod,Null
hectorcarreonp,0.42
danielvazquezg1,0.32
withoutbowie,Null
kiyoshiyukikor,0.39
snzngkoala,0.21
erickbecerra1,0.33
eloisa_cortez,0.48
untalvillafana,0.21
armandolcampa,0.42
mujeresenavance,0.63
hugobarcelona81,0.22
lorenzookie,Null
tagdra,0.27
maarx_,0.26
qfaroxx,Null
klev379,0.25
blanca_estela16,0.13
victorparedez4,0.41
sammdelangel,0.08
netovallecillos,0.26
tererereyo,0.25
reziztek2018,0.45
lavozfrontera,0.43
elprofe_cito,0.28
karenlona1,0.26
chala28s,0.38
jonsserocampo,0.41
charlyheaven,0.31
gualasmm,0.29
chinguizmendez,0.36
mariah_mv,0.33
bravus1253,0.32
diario24horas,0.4
ingfabiaro13,0.2
leslieh7681,0.43
alo_bety,0.29
joseduart4,0.32
gusph,0.38
b4n_n3d,0.29
zeonbell81,0.15
lic_padilla,0.5
puntodecontacto,0.42
newsstand_,0.64
vichsodi,0.31
aztlhan,0.24
coacalconoticia,0.45
cgna2000,Null
rodrgmartn,0.46
ferreeyess,0.48
_travesia,0.58
anayelivg84,0.27
pappypipedreams,Null
izcalli_mania,0.22
laadictaositaa,0.24
bambam_ags,0.14
vasojaibolero,0.27
jorge8ag,0.17
aaron_riverz,0.33
canyouhearmetom,0.32
dalvaradomx,0.18
lilapoodle,0.36
mariarosabasal,0.38
1_sarcastico,0.34
gloelina,0.16
angelboligan,0.44
univ_opinion,0.29
segob_mx,0.48
conago_oficial,0.48
minutochiapas,0.64
saskianino,0.47
lllhhhwww,0.4
charymarin,0.3
itsdjsosa,0.12
pedrodquia,0.18
tonatiuh_ti,0.43
lovestoryou,0.45
dorothylerchh,0.37
dedrafriesz1991,0.395
lunadfrida,0.37
daflosi81,0.38
lasnoticiasobr,0.45
esiule,0.37
uruapan,0.49
iamartz12,0.25
astrolabioslp,0.53
doghouse1969,0.29
nikopanadero,0.29
psicgabycantu,Null
san__pedro,0.44
luigiarrmor,0.28
gobiernogto,0.34
jralpmx,0.15
tanyao_o,Null
tsumi_tenshioh2,0.22
ferrichvaz,0.16
neomexican43,0.33
diariapregunta,0.6
mandyta86,0.29
gerasu2,0.55
chavador71,0.17
tonomusical,0.41
amartinezalex5,0.37
aremonserrath,0.17
fmazin,0.32
jenni11r,0.37
adamque,0.45
dchantes,0.16
ydequetequejas,0.41
gilbertovaladez,0.24
gabrielbast,0.24
yosisoysam,0.14
sapisimog,0.41
syntek3,0.33
yoxjavier,0.3
temistokles666,0.3
_jmigue,0.42
ariz35ariz,0.29
deportessopitas,Null
alejandraperz5,0.3
elizacatlan,0.24
primera_plus,0.52
greglittleshit,0.6
lolaameraz,0.43
gomez_diesel,0.43
elenalive1,0.43
ramiro_epic,0.3
karitorres_7,0.13
marbau78,0.39
jesusmartinmx,0.24
gorditaflex,0.32
leongato,0.29
ariana_galivany,Null
gaal8724,0.46
mxyyc,Null
0skar_sa,0.25
marieelius,0.37
soy_retuitero,0.6
mecl,0.37
frikigamerzero,0.35
addictedtokaren,Null
alexsalinas04,0.17
srta_paranoias,0.26
mrzarkov,0.49
lupitta1304,0.46
bond3110,0.22
hromanm,0.54
gabyanya,0.27
dianitajj96,0.15
miguelbazaldua,0.27
gabrielmonero,0.26
verits8,0.35
rowinhamelis,Null
1974rkal,0.56
ruperticus,Null
hotcheetothicc,0.22
xabitwit,0.23
karoherreraaa,Null
suzsaenz7,0.37
juanalfonseca1,0.25
edsonrendon,0.21
martinbernal_15,0.42
luma2324,0.25
elpaganoescapa,0.23
ixchel_luna,0.15
pita139,0.43
luisg147,0.38
neocardio,0.21
cesarfloresman,0.33
lapulgagringa,0.31
cafevulgario,0.59
bugarinvic,0.38
arturofelix,0.23
alfredo228,0.35
el_vastaguito,0.18
librado58,0.29
do_irma,0.33
il_moi,0.15
saul539,Null
radioramamor,0.63
veljanr,0.45
joganu_tdn,0.43
alberto_btos,Null
emilyherrarte,0.28
pacoochoa75,0.55
pintopan,0.48
joseadelatorre,0.4
izakjg,0.25
don_rabano,0.2
yessicap2010,0.21
angyvazro,0.28
luispuente,0.41
memo_mx,0.36
stephyhaley,0.2
mendozaborjon,0.43
andrescera10,0.33
carurene,0.44
santiagoalighie,0.3
fervaz_02,0.36
daffascorv,0.12
vaalmillan,0.3
dannchv,0.32
aripeg,0.35
mau_gdc,0.32
horaciogmc,0.54
pakotomi,0.24
saulmarquez81,0.32
osacjuarez,0.24
reivaxjg,Null
elenavisa1,0.57
kajiux,Null
eternalevil,0.45
gabster54,Null
pilarpadilla10,0.29
jalfmorm,0.55
columnaria,0.42
comunik33,0.33
_elisasanchez_,Null
rosa2rangel,0.34
mvsjalisco,0.45
shela_cardona,0.29
soygusrodz,0.21
semaforoenambar,0.36
rosario1648,0.55
dhanchnc,0.13
afjl39,0.49
fulanita_yeye,0.39
amigapatyelena,0.41
juliojuanmaster,0.23
paliplax,0.33
valmcf1,Null
toshimacc__x,0.54
luisgayporn08,Null
frankodolce,0.3
nestortroncoso2,0.25
rubenarnoldogm,0.43
jajalpamx,0.13
mexicomejor_,0.28
quindub,0.29
amtzmoreno,0.1
ncrtzn,0.15
jjmancillas62,0.44
cachetitos75,0.39
ceciilflores,0.24
deadizzle,0.24
joshua_bipolar,0.37
rusiatrejo,0.22
masterwarex,0.33
espinosapaco,0.23
diario_laverdad,0.47
inzunza55,0.15
razamsd,0.26
mar_8_fearless,0.2
imarakame,0.28
raulguzman,0.25
ashsan65,0.27
pacotorro_29,0.37
realidadmorfic,0.4
sauditdiazlimon,0.09
alkanoortiz,Null
sabatthblack,0.23
cosplay_mex,0.39
record_luis,0.14
leoscristian,0.32
soteloki,Null
rrrebonita,Null
rmartinmar,0.25
gervdani,0.36
septimo_canton,0.42
marcospdte,0.11
pinllocoto,0.35
toxic_jayy,Null
fioneseileen,0.19
evelynv73992893,0.23
mika_ellie,0.27
cometowis,0.28
vale_garcia,0.25
usarhm,0.31
hayhabana,0.24
lesssann,0.3
discernidor27,0.35
lagingeer,0.21
nathmirandasoto,0.68
elbauldj,0.19
themonttoya,0.27
inundeishon,0.28
greatmaloch,0.4
mtzlizarraga,0.33
marcelojf_j,0.26
cra119,0.23
daniel_sedeno,0.4
rodriguezcheri,0.46
ely_pxthetik,0.19
marapnk,0.22
estrella_chulad,0.47
jonas_aremine3,0.31
paoakkus,0.33
jrgarciavhaddad,0.3
jessicatlauren,0.21
_cindylazaro,0.1
yosoyrichye,0.15
porfiriozamudio,0.41
ydaliae,0.4
marysunshinemar,0.28
balanzariov,0.35
9mmbulletproof,0.23
keane_expresso,0.26
caifanalter9,0.43
adrisgc30,0.2
rivera_alv22,0.18
abelgarcia3,0.38
_liberales,0.53
aachener_che,0.36
eberberr,0.25
pat666hailpizza,0.24
jessitte03,0.31
figojan7,0.39
csarruisenor,0.46
crimimon,0.21
psicdemian,0.38
taxidermista77,0.32
marisrah,0.27
anidempato,0.22
claytontconn,0.35
_twistedxlogic,0.34
jassomar75,0.26
pandroosh,0.33
xavierestrella,0.41
streamerbot,0.45
jsegov1a,0.26
autosymas,0.31
alvillal,0.19
montieliv,0.27
talachasmz,0.29
gorfly,0.25
mylifeas_m,Null
castizomiguel,0.44
sergiosm,0.16
marlenepaz38,0.08
elva_prez,0.19
drrsanchezg,0.43
galmarnef,0.32
kmiret,0.32
_marent_,0.21
xidoogto,0.38
pery71556352,0.44
_outerxspace,Null
jeshampoo,0.13
kowkito,0.09
gagonpard,0.26
jonhy_carrera,0.38
manuelbalcazarl,0.29
israelcast1,0.33
lluisgp777,0.24
arturor57093455,0.52
profeta33,0.24
epgf_,0.57
ef_galindo,0.44
llzl105,0.4
alexis19santos,0.19
adantribuazteca,0.59
sammlienmar,0.09
videlerika,Null
yogurtroxy,0.34
bicho_tepeaca,Null
marcovfonseca,0.47
fidelgamez,0.33
ruizedgarmd,0.33
ilde84g,0.27
aledemarttz,0.54
krlosaleto,0.38
alanmartinez05,0.18
marcoarellano26,0.35
radiocensura,0.19
cgtrejon,0.3
utopiacsr,0.53
laura_castanon,0.33
heluabilbo,0.4
maas280672,0.32
carrillo687,0.25
mimalex70,0.46
siempre889,0.35
erikabrionesmx,0.51
dctfor,0.29
edbergandrei,0.3
lafersona,0.26
silvermoonrf,0.26
_cel3,0.19
ejhovanirp,0.3
sleepybeautymex,0.4
joesantanab,0.22
_joliechow,0.21
mony_rendon,0.3
selbaez_80,0.31
daenavalencia,Null
akenaton_666,0.31
ell_zamora,0.31
priss_mabel,0.34
edbasstard,0.12
cultura_mx,0.36
itsvacornio,0.41
bere_sanchezzz,0.34
choocko22,0.08
aliciamercadom,0.38
jlmaricarmen,0.25
stardustydia,Null
randychapa,0.1
bchelis05,0.46
dannyaguirre,0.39
yorandri,0.33
angelomirandaa,0.34
hopefields2382,0.29
elkiquesan,0.29
pussylanima,0.34
chavezchonte,0.55
karinabarono,0.33
movimientotour,0.3
renatadelrio_,0.3
josleviathan,0.18
mdgre2002,0.49
mt_enmexico,0.5
luiz_mty86,Null
despiertaguey,0.3
burn121212,0.47
mexicocinefilo,0.27
claumokarzel,0.23
capufe,0.35
takutzinakawe,0.11
bestia_babeante,0.3
cl3505,0.32
35carvic,0.19
chingonaaa_,0.36
winterqueen92,0.26
pizzacristina,0.29
ivpcz,Null
idalyxo,0.27
luciolopezlaux,0.04
tsrpopcorn,0.32
jacanija,0.31
turitoleon,0.2
akila_aurea,0.55
oromex2009,Null
veroguarnerod,0.39
hhhectorcastro,0.23
pruna27,0.32
veruska1995,0.36
manueperrusquia,0.39
dalidanay,0.32
bipolargoose,0.31
noticiasestadom,Null
alondra_c_m,0.15
monicaavenegas,0.31
alexsansislas,0.29
vivasface,0.13
omarnino13,0.37
elpanocheo,0.42
rickdvc,0.4
ostcamel,0.19
paximmop,0.27
srgabriel7,0.44
apoyovial,0.42
4lbert0,0.37
contacto_nay,0.18
antoniogomezbar,0.34
camaramel8,0.47
valevachilo2004,0.55
rodo_benitezh,0.55
albertocarrald,Null
elenaentrerosas,0.24
missfiama,0.22
valerialimonn,0.21
camivin,0.34
somoselmedio,0.35
naziejoon_,0.27
emmanuelmedina,0.31
blackmirror,0.46
netflixlat,0.38
lasradcalderon,0.35
reponoticias,0.37
pend_elton,0.29
krrrrrime,0.26
m0l1n4_,0.25
tetlaxdotcom,0.38
ezshabot,0.46
abel_mtnez_glez,0.5
marahadepokahoo,0.38
sergio_src,0.2
betogutierrezmd,0.31
edguillenp,0.29
oswiesh,0.45
mexicanpromedio,0.28
cdadv,0.39
moises_reyna,Null
lupita_tornero,0.09
michoacaninfo,0.45
kareen_bb,0.12
jhonxj,Null
mario_qn,0.44
mty_leones,0.38
rondober_,0.32
kevinrockjinegr,0.27
jphc31,0.2
noaleytelevisa,0.23
wildmoods,0.25
odaaalys,0.41
denisvillegas6,0.38
jlupo08,0.27
jimenezmildreda,0.23
mainomai1,0.28
brandonzanate,0.45
joeywithpulp,0.15
glezzparati,0.31
djuarezterreros,0.25
gaytancristina,0.35
ivanesco3ro,0.26
abraham_rueda,0.32
chrissuribe,0.54
hortensiaragon,0.31
michelle_cast,0.5
soybarbozy,0.11
arantxarm,0.2
sunnyarely,0.21
reporterosmx,0.26
evelyncruz_07,0.27
tecnoscar,0.35
migomez42gomez,0.61
zoechernandez01,Null
betoramirez1,0.21
podemosarts,0.45
houston89,0.3
elnomadaerrante,0.28
shie_hernandez,0.2
mas10x,0.21
vouchh12,Null
jockerramirez80,0.41
esaugranados,0.28
roquerisima,0.28
adri16,0.39
kitwitzia,0.31
brendaloqu,0.44
betooohg,0.31
avyels,0.27
eliumadera,0.25
oratoriapolitic,0.49
poesia_y_versos,0.32
orazioaguirre,0.35
11derick,0.39
sangrilla09,0.42
loserrleo,0.11
netosanmiguel,0.15
pecinacarlos,0.29
chiquisromero,0.39
jfsr50,0.26
albb81,0.22
blancas_ivan,0.3
jolveraquintero,0.6
eugenioopl,0.47
lerter63,0.4
abrahammendozaf,0.39
johnecooper,0.39
isi_sureste2000,0.55
socialmediamx1,0.34
luis_carlos_gal,0.21
johannis0412,0.36
nestorjgr1,0.2
mil_amorescx,0.22
ruloboyd,0.5
pato8902,0.21
saavedraadrian3,0.09
christian160986,0.3
omarangelesclor,0.33
jonycordero1,0.27
maurovitz,0.35
_yeorch,0.18
aureliobelandom,0.31
golduck668,Null
tabachin2439,0.19
pica_dillo,0.22
la_ss_80,0.28
deckrpi,0.48
elizabeth_r_a,Null
aharhon,0.29
paaodh28,Null
zulyyy_,0.22
hectorm38662738,0.31
lulusinvaz,0.41
vernonsvt_,0.36
eldimantnegro,0.25
javi_beast19,0.13
omarramo_117_m,0.2
pgreza,0.34
ellegislativo,0.5
sacgme,0.12
elispora,0.25
ofel_50,0.33
abel_2810,0.12
mares_marss,0.51
ttgamez,0.25
zitlalicuevas,0.46
gobernanzaweb,0.43
hiramalmeidae,0.29
orlandiuxx,0.35
montsysa,0.25
dark_server,0.21
masculturamag,0.52
zonafrancamx,0.35
tv4guanajuato,0.37
gabysalmar,0.35
alefevbre,0.32
zorroramireez,0.31
tchllabucky,0.2
valeriatrevino3,0.13
diethersoft,0.35
pewemmtv,0.16
pacoalviazul,0.24
andres_mixcoatl,0.15
sophieeastman,0.26
renmeetsworld,0.19
juanalbertoha,0.16
jafet1099,0.13
noearteaga,0.49
nuevosiglomix,0.4
josealdogr,0.3
vanchirodriguez,0.35
lupyrg,0.54
morelosred,0.37
durdyslim,Null
alejand25389387,0.42
car1bert,0.18
electrytza,0.29
davidrcamara,0.595
ulibres,0.37
gerurb10,0.38
ereyalanis,0.35
hiramjpg,0.56
elijauregui,0.2
mabelrimimatias,0.52
web_ulsa,0.14
capitalista101,0.37
mayrauriostegui,0.29
jimzlili,0.22
yosoyfer,0.36
mrksecure,0.34
vigilantemxa,0.25
diegoabundesl,0.52
epalmam1,0.43
erickotero80,0.34
samircamara,0.23
30nerosolteron,0.33
leomtz,0.35
sabinito71,0.33
fuckngloser,Null
omar_hawk,0.23
bitxchdirty,0.24
sandiadavila,Null
karlaa_oz,0.3
arvilica,0.3
rryzzos,0.23
millottina,0.23
luanorsaortega,0.39
aldoraver,0.16
maribellopez8,0.33
pacoharris32,0.27
reyesrmrz,0.15
segasi,0.29
logof781,0.38
jairocpa,0.21
kari_navarrete,0.17
robertocflores,0.13
eljr_rdzsa,0.11
russellbaqueiro,0.19
chluva779408,0.41
narjoguig,0.38
danielavillagoo,0.26
advpractlce,0.58
hugocge,0.26
kevopatron,0.15
doctoraromo,0.3
cmtpilgrims,0.33
ceac_cns,0.44
sashazyanya4,0.31
mendozax33,0.45
pq_79,0.28
aldomoon01,0.12
yoselofficial,0.22
lizlopezlara,0.38
pajarosexenal,0.25
sexeniopue,0.32
alexczs,0.38
israelqdigital,0.32
sexeniofm,0.28
f0lake,0.28
lalisviur,0.12
fermg33_,0.31
erne1154ernesto,0.44
frank_nvk,0.19
lancelott_88,0.37
uriel_y2k,0.26
manghelorums,0.8
tioeiji,0.39
y_rdj,0.32
lcbelmont,0.19
ariesdenis_e,0.36
astralfrecuency,0.11
itssmeld,0.14
guerobastidas9,0.09
lexxy_shipper,Null
marr00npanda5,0.41
dr_ovni,0.16
_pinkrosa_,0.24
genandjuice,0.18
cardilloal,0.26
rodrigomex,0.28
chachogadea,0.37
kaisermijumaru,0.21
ppdotuiter,0.33
iclarissaa_,0.26
scckar,0.47
sat,0.45
nefmex,0.24
jaimeedmundo,0.27
efmuoz,0.4
anel1877,0.59
kometa81,0.3
lalo_vaz,0.3
castazel,Null
daniel_hrra,0.25
annannabella_,0.23
lalo_olvera,0.24
rebeca_acosta11,0.22
isra_oscar,0.3
gppan_edomex,0.38
tlacaelel911,0.43
c_garol,Null
rodynowsky,0.34
djalexindamix,0.31
domingojavier18,0.39
arroyo8arroyo,0.15
olunamiluna,0.29
davdom_6,0.23
viejitomex,0.2
marcecmg01,0.13
karhimr,0.39
davefitzgeral,0.33
maliblve,0.24
esbores,0.36
chenkkoruso,0.41
i_van_persie20,0.29
danielledezmajr,0.27
lucianowuzu,0.4
kyleskynet,0.4
quieroserpaul,0.14
generalito3105,0.29
hugozf22,0.39
hebertrex,0.22
sharkboystrikes,0.22
vaallls,0.22
anonrobot001622,0.39
gzitachi,0.35
heclaso,0.32
danielaaguirr1d,0.31
prackmorena,0.4
geateraphist,0.29
hitlersita,0.19
ciudadanoprome,0.54
dannielacox33,0.29
lbutronp,0.43
revaleberto,0.23
jrfaickyoutitan,Null
romanof_torres,0.21
karengaah,0.11
noticiairapuato,Null
cbeverido,0.38
drajgls,0.27
aloneabandoned,0.16
mundolegisla,0.27
clementech,0.3
hildagu1109,0.47
lanmi02,0.32
_ixiomara,0.18
rfernandezp2,0.41
lordamarrador,0.09
aliciajimenezro,0.49
kaarmontse,0.14
hijadesam,Null
inkonspicuo,0.31
garcia_sebis,0.37
san831,0.33
sumcaliruca,Null
derpyseacaballo,0.23
cibernahual,0.37
_el_memo,0.12
1972josema,0.41
juancarlosmonta,0.26
fisgonscott,0.53
ninaaw_,0.33
sookabaja8906,0.37
jeffhanged,0.32
lalochocolate,0.21
oliviagorra,0.43
chessitos,0.2
holahc,0.51
izqmx,0.42
fcoevillazapata,0.22
roxiecamacho,0.23
eneberreache,0.14
lostandfound05,0.16
daviddesanmee,Null
padmeahri,0.29
a_badiag,0.3
loopurbanbikes,0.4
erume,0.21
saga7994,Null
joegraciejruben,0.46
diedragonzalezf,0.55
estefani______,0.15
mrruiz31,0.09
lindher_serik,0.51
beltrarq,0.28
moydavila,0.3
alfredounda1,0.31
johnnycarmona,0.29
vane_santamaria,0.11
pgr_edomex,0.56
albric_x4,0.21
lamagdalena_,0.28
mardesdeadentro,Null
jorgelopez_m,0.38
galoroth,0.28
crazycool82,0.28
02_uh,0.39
pistian30,0.22
jorgeadelc,0.31
pasaencancun,0.33
silly_world,0.28
lorenaromn,0.32
caballerostif,0.27
conebrisuela,0.34
jairo_dvran,Null
eballezza,0.2
brendamores,0.09
tlalocmpz,0.32
itsjavioro,0.05
manuelgrdz,0.25
lomo1513,0.3
omred666,0.35
twitwrina,0.31
veroth74,0.35
itali1,0.31
ultrazoom,0.07
jmaciel1967,0.35
iavkesi,Null
maluflores,0.27
gerardomontero,0.47
rroliver10,0.29
jorgehits,0.3
tecatitagh,0.1
vangohs,0.13
asantiago_2004,0.24
lupitastacruz,0.42
lup24horas,0.36
24hpue,0.32
gucciflippflops,0.34
like_astaire,Null
azhar12052,0.34
alemondras,0.4
soygris_,0.17
eddie_blaack,0.43
hugskywalker,0.44
sfintegrales,0.37
xmax444,0.47
jmunozh2015,0.42
innovationchief,0.45
dianagameznl,0.42
ohlook_itsgaby,0.15
deibe,0.13
agilbertohdez,0.36
jesledon,0.26
axelitosexy,Null
jackiegf69,0.45
stamariz,0.29
aaroncin73,0.42
fersolo1,0.37
noranor2014,0.26
me_ladybyron,0.31
sandova1alfonso,Null
aanaya_s,0.33
zonanarama,0.23
marthamor4n,0.2
mrbrightzide_,0.15
bryan_futbol_10,Null
quadratinmexico,0.46
efhc12,0.31
salva_augus,0.35
felipecalderon,0.36
pako_fjjm,0.33
azulito10,Null
maribel98dj,0.16
drakfury,0.55
elbukisss,0.24
rubenodamar,0.32
bet_o_rock,0.33
_tere13,0.19
pepepanda,0.28
gamags,0.27
javieryllescas,0.46
hazael_09,0.39
pineda7773,0.4
anakinjobim,0.23
3stnom,0.23
vale_yael26,0.34
xojesss__,0.14
niyoltika,0.47
punkaram,0.1
nathalievbello,0.21
acostaweld,0.27
xxcesar01xx,0.26
zolinary,0.32
obstakularia,0.18
klausssen,0.29
gerasanchezmx,0.31
prensa_barbosa,0.39
knight_aniel,0.38
alanmiza,Null
jorgediru,0.29
ricardo40749216,0.41
riverjared,0.23
isaacsickie,0.1
monicaloya13,0.36
jcleodar,0.25
soyfabby,0.3
marcouchen,0.43
paucvivar,0.15
imaaguilar,0.44
__nataliieee,0.17
tamarabunkke,0.29
beckolofeyolo,0.26
susanarebecaor2,0.39
soyelhappy,Null
fauadrian,0.28
verodelgadillog,0.33
judith_moran,0.33
anaiidd_,0.19
alvarez_polo,0.33
tupabz,Null
anthony42980062,Null
china_piedra,0.5
hybrid72,0.3
josu_e,0.21
morryph,0.43
gabrielyorio,0.31
alexmumaynegro,0.36
mirzafloresg,0.46
surfermex,Null
wishkah07,0.19
_eugeniagz_,0.17
noechavezl,0.39
cristinadnunez,0.28
c_cynth,0.26
pukirocks,0.32
hublita,0.37
barrioninojesus,0.49
jcarlos_gg29,0.07
guiacd,0.19
amlagosdemoreno,0.47
codigozdebarraz,0.43
charliec_10,0.22
mayelafs,0.36
hechosam,0.42
hecvazarre,0.36
ericksonliwi,0.11
josezarate9697,0.14
von_graf,0.33
izrrahelito,0.21
atreiu_rulz,0.57
incandesceinto,0.37
lnnoticiasmx,0.36
mexico_tv,0.45
dddrama91,0.12
gibranongay,0.23
josealmzn,Null
caricatutronico,0.26
jojutipe,0.55
darioperez_7,0.48
linaoteiza,0.43
el_diegito13,0.13
cad_diaz1,0.21
vidameva,0.29
rrnoticiasqro,0.34
tlacuilotwit,0.22
j_nunez100,0.22
cubanvelvet,Null
castelan12,0.5
jvalencia56,0.5
nenaorantes,0.4
dipciudadanomx,0.41
periodicoam,0.32
amcelaya,0.45
amirapuato,0.31
jmnogal,0.48
alfarogalan,0.22
silviacarlova,0.49
antifaxismoa,0.33
berriotxoak,0.38
elkartzen,0.44
jotabe1963,0.3
mami_crystall,0.24
capitol_lawyers,0.41
sexenio_chiapas,0.52
fidesjustitia,0.31
sexeniocdmx,0.45
sexenio_hidalgo,0.34
sexenio_tamps,0.46
mariarri_,0.23
gina_hellbizkit,0.27
danielrosash,0.22
saulo_pez,0.29
solismorales,0.41
joanajn05,0.45
xlyssao,0.11
luiscramirez,0.36
3sm_mx,0.37
axanat83,0.28
betopailas,0.55
marthaliliab,0.33
lalosbar,0.17
isaackinpadawan,0.37
publisport_mx,0.33
arash_ortiz,0.45
avilaf73,0.3
maiasemilla,0.17
ibarraisaabel,0.15
anyataylorioy,0.35
rauhlrhes,0.49
moon3beam,0.3
ad310502,0.62
alepeck,0.49
drasylibero,0.4
ibero909fm,0.25
addribabby,0.13
sandrito_amg,0.35
erik_uli84,0.35
glotonmex,0.26
kelizabethrico,0.16
annie_vader,0.36
jorgeberry,0.29
kchpjimo,0.32
pelired10,0.26
arcangelmaggo,0.48
138marmoy,0.2
cando_osorio,0.22
nenaslv,0.32
bananaocegueda,0.18
elisraoficial,0.23
danielcsocial,0.36
mrcastorena,0.32
lgisais,0.41
gerardolpez2,0.29
rogeqro,0.39
luis_rdz98,0.41
isra_gaona,0.32
badger_honey23,0.09
323_803,Null
haidisheidish,0.38
itzel_marx,0.26
mafs777,0.34
retrortega,0.32
esedsand,Null
osvaldo2799,0.24
mnicavzquez2,0.33
dariormrs,Null
ghdagnino,0.2
aletz15,0.45
c21garantianade,0.37
vienca73,0.28
daviposadas,Null
luisdelatorreo,0.33
lluviapixley,0.39
en_cuernavaca,0.31
gladys_cardenas,0.32
i_ame_,0.33
xojoannaaaa,0.21
waltercarreon,0.19
nayeli__meza,0.29
mikeybud_,0.3
paola23_xo,0.12
ssancttic,0.32
kanr1u,0.09
raulelsabroso,0.31
lettysmp19,0.28
jackpimook,Null
joffre_eder,0.4
lalo_007,0.57
dantealmorin,0.39
estherfdezroset,0.43
mario_bravo75,0.35
4rgoz,0.39
mgalan69,0.32
culturamc_jda,0.26
jorguhlinuh,Null
alexgranite1,0.31
jorgehhedz,0.19
searge_torres,0.35
andxearoman,0.17
anyirs,0.31
heraldocuu,0.32
dulcesoledadd,0.18
freddy_humberto,0.12
kamitenz,0.22
paco_goal,0.22
jakyplata,0.38
tunadecoyote21,0.36
matellcarranza,0.24
alexmoonpl,0.26
alejandroelkano,0.21
maryleecasas,Null
eltuntunde177,0.36
betogalis,0.21
deis009,0.32
martinrochac_,0.17
banscorpio,0.3
nasshha,0.21
lajoust,0.27
nidia_rodarte,0.36
pedroxalpa,0.29
miaunlverse,0.14
robog68,0.32
anibalazaelmore,0.34
krliiz_17,0.15
abudadc,0.14
drexlier,0.29
starc_oaxaca,0.28
menny_prez,0.18
leeppaa,0.22
tavo_callejas,0.39
noga2993,0.31
tlalpancuevas,0.2
elfanaticoazul,0.5
panchitobc,0.27
ivan_amp,0.34
angelal19179315,0.36
jesus_suarezg,0.22
maxcorreah,0.35
alanguadarrama,0.42
pakozpunk,0.36
frankyas21,0.18
romoblank,0.33
lunave26,0.2
charleskennedyc,0.25
josyarid,0.49
vjorge093,0.42
lugoedg,0.11
queershawty,0.27
arturoparada02,0.38
azcapotzalco_,0.39
maricelaluna,0.19
iltrago,0.2
idem_74694,0.28
adnregio,0.17
frentenl,0.39
tigermantx,0.3
tucaferretti,0.34
massegurosmx,0.3
mrcosan,Null
hakever4ever,0.17
centrostafe,0.48
danielkcazares,0.31
liz_lohe,0.26
noabossen,0.28
rogeliososab,0.19
juan_bribon,0.28
rgarichard,0.34
deltoroismael,0.3
perrus441,0.16
jorgebarranko,0.32
solecarranza11,0.34
rjandette,0.47
hebertledezma,0.3
gavemx,0.31
jjossse67,0.32
alexhv26,0.45
dodierco,0.32
banospuertov,0.52
fernandinomendo,0.34
oscarperezmxl,0.39
inmigrac,0.39
lopeznizel,0.36
sandraluzcast,0.36
ree_grazi,Null
carmenmurillov,0.31
xochitlgalvez,0.44
lauuritas,Null
zasufo,0.14
tzitzisantillan,0.3
rulcabmanrique,0.3
pcardeli68,0.14
jcmon1,0.33
phortosmx,0.16
94123ab0272348f,0.4
cocoerikah,0.25
demetriocv,0.19
dafffnet,0.26
eri_miau,0.49
yesiicaae,0.12
leiamichelle80,0.46
vladiberto,0.13
radiozapote,0.33
andrymeedina,0.17
gijo_siah,0.32
10_jrtp,Null
alterangel,0.27
bartrasbieber,0.28
pacovelazquezg,0.3
ricberbal,Null
isela6i,0.21
zachnatch,0.21
enriquebtz,0.34
notivox,0.52
vicktort,0.23
arlettbelmont,0.27
marthareyesb,0.24
diegob_n,Null
rodup1,0.43
rmalpica17,0.46
mourinho05,Null
nashgrajales,0.26
thepremierguy,0.22
clau_qr,0.26
svillaperez,0.36
golemsazam,0.27
rleyvasanchez,0.22
tinajita12,0.4
zoompoliticohgo,0.29
operadormx,0.21
esamipau,0.3
iczel12,0.24
carlosleon2300,0.33
jonaz_rivera,0.19
msbiancaa,Null
edgar_thebeast,0.17
chucho_b_23,0.21
nallerdy,0.54
elbundo,0.25
gabo_argonauta,0.34
damaris_724,0.19
amazing_unipan,0.27
memobaltazares,0.15
almaposts,0.22
lopezfosad,0.34
fabiola7817,0.41
oscardelg,0.3
i_vann_,0.47
teresajardi,0.53
sedena,0.61
todo_izcalli,0.6
zuceni,0.25
edgarlopeznl,0.43
plusvalia_cdmx,0.43
mgfloresa28,0.47
netoing78,0.27
lulalibelula111,0.3
ederguevaram,0.46
jorgtov,0.48
morasanjuana,0.27
jangeldallas,Null
letus_a,0.33
hanshochstrasse,0.42
enrique74079314,0.44
26_francisco,0.45
marifeeer,0.34
ofeliagpichardo,0.34
bazarcoyo,0.31
jaramillogoja,0.35
licerte,Null
jl_cortez1,0.26
lageorge83,0.27
elomardetuvida,0.22
vargaz63,0.25
protestqueen,0.19
gatita21kiti,0.41
vertice102,0.38
paxalile,0.3
thepioner,0.35
izsanami,Null
hugometalgod,0.37
aidarisai,0.24
francweib,0.37
dapiarellano,0.31
moronitasdepan,0.23
aigmx,0.42
mpatita_ag,0.33
stamatiades,0.27
benjanunez23,0.39
mxfutboltotal,0.41
mjbblass,0.38
salvadorcosio1,0.43
mauroayalaboxeo,0.41
mikerui68635861,0.43
woody091897,0.2
jennn529,0.15
elbasiliogmas,0.33
jdayan232,0.46
androlizer,0.48
beriszs,Null
jimenaladu,0.21
zellhuberjordy,0.41
adytabasteri,0.36
lexzer,0.14
margo3178,0.25
ale_penilla,0.34
van_pepe,0.24
soy_sputnik,0.24
kalimanya,0.28
totalmenteprole,0.56
sylvia_mx,0.38
latinosunidousa,Null
ricksupertramp,0.24
heyanabananaa,0.18
zarej_one,0.39
empo_derada,0.33
madeiynstan,Null
luisjoin2010,0.36
denisemaerker,0.44
feliperubio92,0.2
villa22_11,0.27
aruallemus_,0.24
jocabreraseib,0.45
arqfelixvega,0.41
bazarmonedas,0.3
joseluisrios_,0.28
ibocardo183,0.19
elpolopodrido,0.37
sonoradeportiva,Null
almightym00n,0.19
memsrojo,0.21
luisqayo,0.3
1975jenniferr,Null
b_gabgabu,0.38
cjhsogem,0.32
maribelnucruz,0.36
julioresendiz05,0.3
makiortizd,0.38
fgcabezadevaca,0.23
snpedroxalostoc,0.38
gerard72826,0.32
jaimehlara,0.11
silviacaguila,0.43
carlomorales,0.43
yolotloax,0.26
mtzogerardo,0.23
yakesita30,0.37
andrealegarreta,0.32
josebazan569,0.36
daniherrerias,0.31
507711,0.31
andreasolanor,0.34
annaluchis,0.26
bonillasana,0.37
leon1z,Null
martnez1_jse,0.21
victorreyeslex,0.26
authordavidsix,0.56
ivagr0973,0.36
kayimariii,0.38
carmendecul,0.19
supervision538,0.33
casandralunaa,0.16
thinghotik,0.41
arhabeica,0.34
ajvarela19,0.18
membombom,0.33
danvalridez,0.5
elseptimoocio,0.33
marytienetumbao,0.18
tilinortega,0.32
andro_lugo,0.07
antag_antag66,0.48
nadia_nadis_,0.25
rumahu5,0.37
gabyaguiori,0.31
mexchingonmundi,0.32
near_fox,0.42
siqueiros00,0.32
rodrigosilvavel,0.43
yosoy_joss,0.25
nelson95666,0.29
hugolemoy,0.28
carrrroo_,0.24
iouisartistic,0.48
juhan_solo,0.25
myr_bieber,0.31
quepasopaps,0.22
chemitow,0.21
hondxnegro,Null
sianereb,0.15
mikecafa,0.24
hoynocircula_mx,0.41
zamora_zamora34,0.04
tomybigger,0.29
omarespinod,0.36
ivonnebacerott,0.35
dadalid2011,0.31
borrego17rg,0.25
araujo_ve,0.51
hectorkschik,0.44
atarantado1,0.38
nerilicon,0.39
ju_go_,0.24
poderag_izcalli,0.35
_antiepn,0.52
jcuatoche,0.42
bect70,0.31
liz__barajas,0.33
silvermx74,0.3
gustavocarg,0.36
clubfansproceso,0.62
jullorenzana,0.34
carlos_s01,0.37
leonida94622007,0.4
colleenstevens_,0.24
aguileravital,0.19
frannces27,0.14
nat_villarreal,Null
nallemape,0.52
vhcc31,0.14
anabume,0.53
erimerarg,0.3
noelucatero,0.29
frita_bandita,0.33
rodrigo0110,0.21
victori16063755,Null
jennagsta,0.05
occupymexico,0.31
gatohk,0.35
bbyflawer,0.27
rosendo_glz,0.21
bad_apple702,0.36
b21105,0.52
moni_mast,0.27
saaandj,0.22
betote_68,0.26
maregd,0.49
breginleif,0.4
paulome24204987,0.35
j2ruiza,0.42
jrojrojro,0.36
fernitoe,0.27
jesusji2012,0.4
yorchvader,0.33
caromayfair,0.17
sam_animatowner,0.43
ramiirezsebas02,0.28
vero7w7_011,0.37
eliezer79861700,0.39
josuebpinwi,0.35
joeliin34,0.35
chanobdz,0.27
ram100cia,0.28
daniel_feik17,0.25
omg_byangel79,0.68
estalejuan,0.32
alejandrogamesv,0.52
ale_maslow666,0.12
jhon_williams22,0.55
dylancabj14,0.34
josemaldonado_3,0.44
andreeslaverde,0.41
feikjesse,0.23
jairoandres21,0.53
angelsabas100,0.44
joze_100cia,0.26
alexisr14652991,0.55
100ciabrayan,0.4
lizbethdolmayan,0.34
angelrdzu,0.27
adriianjmo,0.39
driger1992,0.37
kevinjm0635076,0.52
ojos2003,0.74
oscargarciaholk,0.57
luisangel_feick,0.55
luisangel_pablo,0.51
alexsoader,0.59
josejuliangom12,0.38
la100cia_io,Null
chris_floo007,Null
jahelademir,0.47
daryquiterio,0.24
luilli931,0.28
akiraxd_uchiha,0.37
whippedgameplay,0.33
kusanagi687,0.16
jeimyguerrerord,0.37
shade_gallar,0.25
secta100tifika1,0.44
sebaxnix,0.57
juanhdz093,0.55
sixsalan,0.39
sebas100cia,0.42
eltrollmaximus,0.4
fiore100tifico,0.3
leonellerocia,0.24
jimmyfeik,0.26
npsc15,0.45
mylthon_delval,0.36
ximenagarrix,0.39
leandro_pkm,0.22
yang082527,0.29
jassanme,0.27
perrolokoxdalv,0.27
sisome45,0.6
agustin_recapo,0.3
katitaqql,0.45
kevinemanuelric,0.27
mateoegea100cia,0.39
meowmeowkad,0.57
pedroquispe131,0.46
principe_holk,0.48
ksiquesadilla,0.37
luisitolh01,Null
andreschinchi15,Null
chayohaillh,0.47
karlam_lh,0.41
eyelesssv,0.27
axelramses15,0.34

,0.19
